cp,năm,kỳ,lãi_lỗ_ròng_trước_thuế,khấu_hao_tscđ,dự_phòng_rr_tín_dụng,lãi_lỗ_chênh_lệch_tỷ_giá_chưa_thực_hiện,lãi_lỗ_từ_thanh_lý_tài_sản_cố_định,lãi_lỗ_từ_hoạt_động_đầu_tư,thu_nhập_lãi,thu_lãi_và_cổ_tức,lưu_chuyển_tiền_thuần_từ_hđkd_trước_thay_đổi_vlđ,tăng_giảm_các_khoản_phải_thu,tăng_giảm_hàng_tồn_kho,tăng_giảm_các_khoản_phải_trả,tăng_giảm_chi_phí_trả_trước,chi_phí_lãi_vay_đã_trả,tiền_thu_nhập_doanh_nghiệp_đã_trả,tiền_thu_khác_từ_các_hoạt_động_kinh_doanh,tiền_chi_khác_từ_các_hoạt_động_kinh_doanh,lưu_chuyển_tiền_tệ_ròng_từ_các_hoạt_động_sxkd,mua_sắm_tscđ,tiền_thu_được_từ_thanh_lý_tài_sản_cố_định,tiền_chi_cho_vay_mua_công_cụ_nợ_của_đơn_vị_khác_đồng,tiền_thu_hồi_cho_vay_bán_lại_các_công_cụ_nợ_của_đơn_vị_khác_đồng,đầu_tư_vào_các_doanh_nghiệp_khác,tiền_thu_từ_việc_bán_các_khoản_đầu_tư_vào_doanh_nghiệp_khác,tiền_thu_cổ_tức_và_lợi_nhuận_được_chia,lưu_chuyển_từ_hoạt_động_đầu_tư,tăng_vốn_cổ_phần_từ_góp_vốn_và_hoặc_phát_hành_cổ_phiếu,chi_trả_cho_việc_mua_lại_trả_cổ_phiếu,tiền_thu_được_các_khoản_đi_vay,tiền_trả_các_khoản_đi_vay,cổ_tức_đã_trả,lưu_chuyển_tiền_từ_hoạt_động_tài_chính,lưu_chuyển_tiền_thuần_trong_kỳ,tiền_và_tương_đương_tiền,ảnh_hưởng_của_chênh_lệch_tỷ_giá,tiền_và_tương_đương_tiền_cuối_kỳ,symbol,extracted_at,source,tiền_thanh_toán_vốn_gốc_đi_thuê_tài_chính
VNM,2025,4,3476999882086.00,-1327848297781.00,46127336228.00,-814155330.00,0.00,1950366822745.00,89980184766.00,0.00,3875782613126.00,-169341656757.00,-696279778126.00,-449877758728.00,-86052764995.00,-89985880099.00,-367025679910.00,0.00,-278276289649.00,1738942804862.00,-345651260618.00,35456626576.00,0.00,-287521376079.00,-62898220000.00,14960000000.00,371831328480.00,-273822901641.00,0.00,0.00,6403017072055.00,-5218255024631.00,-6007520145910.00,-4822758098486.00,-3357638195265.00,5154466367051.00,-1948452915.00,1794879718871.00,VNM,2026-02-10,VCI,
VNM,2025,3,3125600614052.00,541039255027.00,-271183088.00,1966656093.00,0.00,-343083171016.00,75464626344.00,0.00,3637430619240.00,9776943388.00,608237237047.00,-686343175344.00,-50064019859.00,-85506405917.00,-230295937837.00,0.00,-46191597084.00,3157043663634.00,-578217462040.00,30714451025.00,0.00,908498573067.00,0.00,6035000000.00,653951773966.00,1020982336018.00,0.00,0.00,3247744547248.00,-4765228853680.00,-4737055500.00,-1522221361932.00,2655804637720.00,2498443286245.00,218443086.00,5154466367051.00,VNM,2026-02-10,VCI,
VNM,2025,2,3096088533277.00,521675831592.00,15324626688.00,465990729.00,0.00,-327506107156.00,85204331624.00,0.00,3452748763307.00,-620096984280.00,-192130805876.00,1368992555827.00,-19202727112.00,-77134972563.00,-6939791412.00,0.00,-9370653810.00,3896865384081.00,-421123605734.00,25859519366.00,0.00,836612959523.00,0.00,0.00,245118946699.00,686467819854.00,7200000000.00,0.00,4945600235911.00,-5376263263540.00,-4207249672340.00,-4630712699969.00,-47379496034.00,2538024316626.00,7798465653.00,2498443286245.00,VNM,2026-02-10,VCI,
VNM,2025,1,1951296195523.00,511791212722.00,2485756955.00,4698502109.00,0.00,-343185308883.00,75155207673.00,0.00,2263061347306.00,915922733863.00,-1409385906048.00,-429866370896.00,-61949344633.00,-58880104706.00,-931863109189.00,0.00,-411754049754.00,-124714804057.00,-417018396950.00,25697543325.00,0.00,774829727404.00,0.00,983316000.00,157981771666.00,542473961445.00,0.00,0.00,4902420919300.00,-3963677101750.00,-1044977722500.00,-106233904950.00,311525252438.00,2225943732075.00,555332113.00,2538024316626.00,VNM,2026-02-10,VCI,
VNM,2024,4,2643368770905.00,502861179798.00,18671148659.00,-8934928035.00,0.00,-372031320266.00,66109861870.00,0.00,2934405659183.00,-534613780488.00,285415987686.00,-329849561692.00,54380811447.00,-79577377555.00,-903017091931.00,0.00,-131521295692.00,1295623350958.00,-381309452011.00,29902760669.00,2667539526912.00,0.00,0.00,9270000000.00,366050616797.00,2691453452367.00,0.00,0.00,6973203593000.00,-6160349023505.00,-5196551452950.00,-4383696883455.00,-396620080130.00,2616234711174.00,6329101031.00,2225943732075.00,VNM,2026-02-10,VCI,
VNM,2024,3,2941801640478.00,563849144337.00,4509743614.00,3348586438.00,0.00,-385090432461.00,62624826693.00,0.00,3279156925716.00,502122753268.00,286105749551.00,305903634499.00,1935649987.00,-37626107253.00,6908783596.00,0.00,-180167324440.00,4164340064924.00,-392175886355.00,30627539290.00,-3434575257325.00,0.00,0.00,26434764000.00,550444893405.00,-3219243946985.00,0.00,0.00,2575708393458.00,-2093292902775.00,0.00,482415490683.00,1427511608622.00,1198562887528.00,-9839784976.00,2616234711174.00,VNM,2026-02-10,VCI,
VNM,2024,2,3308642928230.00,523825243110.00,2975914691.00,-5431153785.00,0.00,-330596189079.00,64294446778.00,0.00,3640893340416.00,-386731248915.00,137207411891.00,357463397480.00,90310558794.00,-80643224421.00,-384854168143.00,0.00,-55221142079.00,3318424925023.00,-589564090578.00,30356023115.00,-2852987065500.00,-34235481165.00,0.00,0.00,262540916333.00,-3183889697795.00,46207000000.00,0.00,5106918716760.00,-3967402455216.00,-1918097497500.00,-732374235956.00,-597839008728.00,1788254863348.00,8147032908.00,1198562887528.00,VNM,2026-02-10,VCI,
VNM,2024,1,2705840401722.00,504624077696.00,1299112526.00,-2331136075.00,0.00,-359178305121.00,86395425954.00,0.00,3012309463526.00,751974551131.00,-762680286964.00,-521637847835.00,-55379919602.00,-138840952227.00,-846730006438.00,0.00,-531465803150.00,907549198441.00,-378452282107.00,22762588100.00,0.00,34235481165.00,0.00,0.00,294041766712.00,-27412446130.00,676200000000.00,0.00,2764598729970.00,-4403425616970.00,-1044977722500.00,-2007604609500.00,-1127467857189.00,2912027359925.00,3695360612.00,1788254863348.00,VNM,2026-02-10,VCI,
VNM,2023,4,2852064600379.00,517866570359.00,17348002686.00,3572601291.00,0.00,-365104295780.00,96231603161.00,0.00,3208238846296.00,-764132499014.00,-578146961187.00,-442381898850.00,12023053003.00,-58107360372.00,-835119449240.00,0.00,-57098048554.00,485275682082.00,-519884863780.00,28701388834.00,-575419143856.00,0.00,0.00,10570000000.00,495280136848.00,-560752481954.00,-192872992.00,0.00,3046045712825.00,-1746367168668.00,-5190521652450.00,-3891035981285.00,-3966512781157.00,6875567986039.00,2972155043.00,2912027359925.00,VNM,2026-02-10,VCI,
VNM,2023,3,3075789821151.00,491605000895.00,381848059.00,2940062682.00,0.00,-414801393695.00,79600679532.00,0.00,3310908712134.00,300186241796.00,516836588561.00,392228055999.00,24881897683.00,-77085630938.00,-307037904564.00,0.00,-218978665662.00,3941939295009.00,-191415880964.00,27787128715.00,187826012209.00,0.00,-23894832735.00,0.00,463272969854.00,463575397079.00,151879882000.00,0.00,1011758029279.00,-279164172658.00,-135910000.00,884337828621.00,5289852520709.00,1582506692207.00,3208773123.00,6875567986039.00,VNM,2026-02-10,VCI,
VNM,2023,2,2727998544003.00,515807377104.00,4716037403.00,11071666376.00,0.00,-360411240906.00,95970637757.00,0.00,3069899179578.00,662820622520.00,291256666371.00,-521773785211.00,23859555186.00,-98141291364.00,-7391288214.00,0.00,-89110014039.00,3331419644827.00,-511069025115.00,25484345483.00,-2468710659705.00,-595311888127.00,0.00,0.00,183478453851.00,-3366128773613.00,338100000000.00,-142548827636.00,3233083516768.00,-3789115747176.00,-35001066500.00,-395482124544.00,-430191253330.00,2011202511723.00,1495433814.00,1582506692207.00,VNM,2026-02-10,VCI,
VNM,2023,1,2312046425953.00,529307916114.00,4416470035.00,-10136208614.00,0.00,-322449210933.00,82291916805.00,0.00,2670410792851.00,-443861503618.00,-1251259683318.00,128549496304.00,-52896323660.00,-69373556896.00,-414525307219.00,0.00,-438254973999.00,128788940445.00,-357267370903.00,22907922254.00,0.00,595311888127.00,-11875000000.00,0.00,225679908509.00,474757347987.00,0.00,0.00,4497529706931.00,-2462185467993.00,-2925937623000.00,-890593384062.00,-287047095630.00,2299943527624.00,-1693920271.00,2011202511723.00,VNM,2026-02-10,VCI,
VNM,2022,4,2295242241835.00,518465696774.00,18795035435.00,-37709125252.00,0.00,-309790581815.00,53226546796.00,0.00,2621819923631.00,-323856956229.00,100113197805.00,587684749308.00,-24722822830.00,-72895032400.00,-1182224363703.00,0.00,-68713560259.00,1637205135323.00,-544290990514.00,31517617681.00,0.00,2114126507322.00,-12275000000.00,0.00,439122953860.00,2028201088349.00,338100000000.00,0.00,74460006848.00,-4575198249609.00,-68054218220.00,-4230692460981.00,-565286237309.00,2867857717514.00,-2627952581.00,2299943527624.00,VNM,2026-02-10,VCI,
VNM,2022,3,2859883167325.00,519932114467.00,2508921921.00,8347587934.00,0.00,-304758106018.00,49942302240.00,0.00,3217130306317.00,145032717998.00,1170617557118.00,49012854865.00,-41625935038.00,-30200578249.00,-4319705578.00,0.00,-270371253685.00,4235275963748.00,-275135514383.00,32678492852.00,0.00,-542595808761.00,0.00,0.00,338287929867.00,-446764900425.00,0.00,0.00,2108262740353.00,-2424633276675.00,-5120390840250.00,-5436761376572.00,-1648250313249.00,4507497088287.00,8610942476.00,2867857717514.00,VNM,2026-02-10,VCI,
VNM,2022,2,2576057643749.00,519680313013.00,-23118769821.00,18765937820.00,0.00,-316464029016.00,36701642341.00,0.00,2899765051796.00,111504280918.00,554691597850.00,-288064121816.00,27917606527.00,-13859036144.00,-313608928018.00,0.00,-168342875725.00,2810003575388.00,-376750770688.00,41247791036.00,0.00,1468401014877.00,0.00,0.00,188785840560.00,1321683875785.00,0.00,0.00,-161958314770.00,-1096336875705.00,-52516937250.00,-1310812127725.00,2820875323448.00,1680858133124.00,5763631715.00,4507497088287.00,VNM,2026-02-10,VCI,
VNM,2022,1,2764351623836.00,537371734423.00,-2758112613.00,13818366371.00,0.00,-255201025309.00,26168600367.00,0.00,3164756998863.00,-220757350364.00,-974159283034.00,-734666056911.00,-34688910773.00,-24349437056.00,-475136766140.00,0.00,-556210692528.00,144788502057.00,-260736777031.00,31681656288.00,0.00,594783333169.00,-30900000000.00,0.00,234823238963.00,569651451389.00,0.00,0.00,4236765622155.00,-2692851399800.00,-2925937623000.00,-1382023400645.00,-667583447199.00,2348551874348.00,-110294025.00,1680858133124.00,VNM,2026-02-10,VCI,
VNM,2021,4,2688037023963.00,534531930191.00,31150685652.00,-945595838.00,0.00,-259127588460.00,23606131783.00,0.00,3112079516133.00,196920958051.00,-504395056818.00,133391669295.00,17733217659.00,-38442032429.00,-1443094434863.00,0.00,-163732710514.00,1310461126514.00,-476734934789.00,34591138702.00,-1270955615962.00,0.00,-18905857575.00,0.00,388908926691.00,-1343096342933.00,22540000000.00,0.00,3644283404234.00,-3305731540656.00,-44669622900.00,316422240678.00,283787024259.00,2051857098275.00,12907751814.00,2348551874348.00,VNM,2026-02-10,VCI,
VNM,2021,3,3586603289912.00,539359820888.00,2034675583.00,4153986284.00,0.00,-313784164169.00,-46532738825.00,0.00,3852210792259.00,240227639444.00,361721935211.00,236770041444.00,40181414369.00,-35611697178.00,-351391408402.00,0.00,-288672021480.00,4055436695667.00,-638146714343.00,37633032244.00,210878872106.00,0.00,0.00,0.00,316720627688.00,-72914182305.00,0.00,0.00,2331816027715.00,-2779299380232.00,-3134933167500.00,-3582416520017.00,400105993345.00,1663036014269.00,-11284909339.00,2051857098275.00,VNM,2026-02-10,VCI,
VNM,2021,2,3493684950239.00,547756789868.00,-3508982145.00,-3585620065.00,0.00,-246530287511.00,28072255034.00,0.00,3893497863282.00,-912285302715.00,-480784663584.00,383647905131.00,89748086761.00,-8489668682.00,-12962786832.00,0.00,-75004249781.00,2877367183580.00,-241674993139.00,31248056978.00,-424540543341.00,0.00,-4321875000.00,1336500000.00,149433956359.00,-488518898143.00,196000000000.00,0.00,911102897822.00,-682111123596.00,-2351459800500.00,-1926468026274.00,462380259163.00,1197956795582.00,2698959524.00,1663036014269.00,VNM,2026-02-10,VCI,
VNM,2021,1,3153910222805.00,499689193833.00,3789250096.00,-1281139009.00,0.00,-241554937720.00,12905990201.00,0.00,3494031135649.00,-41714113141.00,-1637223057031.00,730238705657.00,-147546962653.00,-15796286643.00,-549149282272.00,0.00,-644131581434.00,1188708558132.00,-174468716999.00,30432767605.00,-2029848548257.00,150000000.00,0.00,0.00,145015833823.00,-2028718663828.00,99320664553.00,0.00,2709758030232.00,-784318154711.00,-2089695872250.00,-64935332176.00,-904945437872.00,2111242815581.00,-8340582127.00,1197956795582.00,VNM,2026-02-10,VCI,
VNM,2020,4,2671876716607.00,545413737797.00,43717904388.00,17776990028.00,0.00,-602754158648.00,25857854618.00,0.00,3065931746758.00,338096748719.00,219062180306.00,-342930345042.00,-13902968116.00,-24747091435.00,-1376173589619.00,0.00,-242254695396.00,1623081986175.00,-331440622408.00,41623645123.00,355606409411.00,22720498078.00,0.00,15660460001.00,679703952898.00,783874343103.00,0.00,0.00,3513640917035.00,-2628425044234.00,-3515487388000.00,-2630271515199.00,-223315185921.00,2335881481579.00,-1323480077.00,2111242815581.00,VNM,2026-02-10,VCI,
VNM,2020,3,3777019789971.00,551231227788.00,-2000594719.00,-14810127185.00,0.00,-331009325392.00,38257217439.00,0.00,4151930444988.00,-156108957411.00,369339834301.00,154975681705.00,42452692812.00,-97654097013.00,-440226814798.00,0.00,-275703469573.00,3749005315011.00,-259511681417.00,45232304785.00,-1209731363792.00,-19798404571.00,0.00,56700000.00,239814007393.00,-1203938437602.00,0.00,0.00,2931509588341.00,-2703692788327.00,-2612066540460.00,-2384249740446.00,160817136963.00,2176667357252.00,-1603012636.00,2335881481579.00,VNM,2026-02-10,VCI,
VNM,2020,2,3711380577468.00,556761193198.00,6782636573.00,-70182197587.00,0.00,-305112953506.00,37641854799.00,0.00,4015191853351.00,-798813712450.00,-41272718213.00,-251611274053.00,116164637797.00,-43161271053.00,-3883737667.00,0.00,-64173681018.00,2928440096694.00,-285938583140.00,34914151212.00,-2151737750322.00,13050562820.00,0.00,5914424085.00,102167616423.00,-2281629578922.00,0.00,-14364328733.00,363879305622.00,-190086416469.00,-9682167601.00,149746392819.00,796556910591.00,1379711866875.00,398579786.00,2176667357252.00,VNM,2026-02-10,VCI,
VNM,2020,1,3358259002978.00,555460462969.00,1003914771.00,67852556191.00,0.00,-243434785501.00,42061538321.00,0.00,3857284664651.00,-98128897274.00,-817204595821.00,226768277649.00,-121073448246.00,-47206055606.00,-466046765343.00,0.00,-654774677678.00,1879641990348.00,-387926108738.00,28572651322.00,-1875408172827.00,15592992000.00,-8134000.00,0.00,118860284353.00,-2100316487890.00,0.00,0.00,960114694496.00,-231397975055.00,-1790475448000.00,-1061758728559.00,-1282433226101.00,2665194638452.00,-3049545476.00,1379711866875.00,VNM,2026-02-10,VCI,
VNM,2019,4,2649338858483.00,502928809106.00,1003332731.00,7871927410.00,0.00,-223541479216.00,35838396433.00,0.00,2996776067070.00,1086934191849.00,179425917988.00,-134249653741.00,18374333821.00,-59045450382.00,-830474047043.00,0.00,-7738740515.00,3245522579047.00,-412682027575.00,41889685185.00,-2150520561967.00,603109511.00,-674953145601.00,-5094607490.00,388922232516.00,-2811835315421.00,-127856925000.00,127768725000.00,2793809369363.00,-1606120787370.00,0.00,1187600381993.00,1621287645619.00,1043473767363.00,433225470.00,2665194638452.00,VNM,2026-02-10,VCI,
VNM,2019,3,3253756149711.00,494141498125.00,-748428436.00,-678177168.00,0.00,-171662309655.00,27795829812.00,0.00,3632874011664.00,-141321492048.00,466516959344.00,222731981563.00,118497985945.00,-81161524995.00,-499993419017.00,0.00,-272923098054.00,3445221404402.00,-515985946731.00,28996148615.00,-932595439820.00,638871538.00,-82911895211.00,0.00,89883118829.00,-1411975142780.00,-126787500.00,-21047760.00,2926898806392.00,-2105756532596.00,-3482755388000.00,-2661760949464.00,-628514687842.00,1676491290318.00,-4502835113.00,1043473767363.00,VNM,2026-02-10,VCI,
VNM,2019,2,3549831766256.00,478654208826.00,2076193560.00,468890998.00,0.00,-175936221517.00,25355145802.00,0.00,3908018643554.00,164882527594.00,-348103866318.00,130558345289.00,-24826984854.00,-69330211449.00,-294323955874.00,0.00,-146351574871.00,3320522923071.00,-551822503663.00,21603005352.00,360592524771.00,646992000.00,-1324814577950.00,6607824875.00,127792733879.00,-1359394000736.00,128305350940.00,-128807701000.00,2229905423649.00,-1113102253725.00,-2612087527500.00,-1495786707636.00,465342214699.00,1209154406312.00,1994669307.00,1676491290318.00,VNM,2026-02-10,VCI,
VNM,2019,1,3342782864107.00,472348259477.00,5001735507.00,-1204432181.00,0.00,-151304520654.00,19835521940.00,0.00,3718201085788.00,-736900175446.00,104156418177.00,-618843746648.00,-95636203348.00,-18379368663.00,-408800744034.00,0.00,-545135630656.00,1398661635170.00,-677758728707.00,21601148510.00,-492856250615.00,709224499.00,-75558716069.00,0.00,59192929151.00,-1164670393231.00,-321638440.00,127669500000.00,2476161669254.00,-1408133072360.00,-1741407855000.00,-546031396546.00,-312040154607.00,1522610167671.00,-1415606752.00,1209154406312.00,VNM,2026-02-10,VCI,
VNM,2018,4,2680499625011.00,435817082372.00,5482797862.00,-3513282284.00,31287841927.00,-12621228032.00,13558039918.00,-155905033876.00,3009588296958.00,631935457172.00,-1260296240064.00,1198124725250.00,44057075460.00,-73679724730.00,-812899793394.00,0.00,-97641858898.00,2639187937754.00,-754460003456.00,24503898262.00,-1302290439295.00,1196918636.00,0.00,16955703509.00,192851388570.00,-1821242533774.00,0.00,-634110920.00,2477404795723.00,-2401212316800.00,0.00,75558368003.00,893503771983.00,630784664818.00,-1678269130.00,1522610167671.00,VNM,2026-02-10,VCI,
VNM,2018,3,3033968043856.00,410134236563.00,-96807242830.00,-1357776969.00,22784482067.00,-5892802666.00,11981786169.00,-154195368449.00,3234595049035.00,-242670243422.00,502408308195.00,-696799651704.00,20297499116.00,-13598961804.00,-352525024151.00,-149174000.00,-211592389694.00,2239965411571.00,-735685538410.00,36327914820.00,1149651771427.00,189361909797.00,0.00,297000000.00,149506005109.00,789459062743.00,0.00,-370485840.00,38193734965.00,-880855186260.00,-2902384504000.00,-3745416441135.00,-715991966821.00,1343435279374.00,3341352265.00,630784664818.00,VNM,2026-02-10,VCI,
VNM,2018,2,3160765705183.00,395470414797.00,-4769281387.00,1373082074.00,25991779370.00,7564938916.00,17272008785.00,-183721795859.00,3433926543173.00,50598543542.00,-556307221605.00,264627245971.00,-6315983562.00,-15750004879.00,-394072132165.00,0.00,-149175286484.00,2627531703991.00,-1098217774830.00,10912852049.00,1051800663462.00,1692702019.00,-12250000000.00,0.00,175350527457.00,129288970157.00,0.00,-1685141000.00,371675657187.00,-166710243649.00,-2176870123500.00,-1973589850962.00,783230823186.00,563392699177.00,-3188242989.00,1343435279374.00,VNM,2026-02-10,VCI,
VNM,2018,1,3176462892073.00,385210648619.00,4227246199.00,2139828092.00,-10016587338.00,-14061854211.00,8555583980.00,-184754015176.00,3381743433532.00,-548399424564.00,-371241518450.00,-780464995133.00,10620079733.00,-7711647185.00,-320083426899.00,149174000.00,-731057695701.00,633553979333.00,-597432120943.00,22730847793.00,300000000000.00,764296338.00,0.00,1215000000.00,130071841502.00,-142650135310.00,0.00,-636147800.00,1940705852193.00,-654811071845.00,-2176917780000.00,-891659147452.00,-400755303429.00,963335914164.00,812088442.00,563392699177.00,VNM,2026-02-10,VCI,
VNM,2017,4,2085821039955.00,361296133295.00,8183557255.00,-1005453891.00,-3252258594.00,-23150316785.00,5015216618.00,-192250150991.00,2251507721441.00,-119692805765.00,-275746944565.00,104750988551.00,-3128340447.00,-19625043160.00,-882543002721.00,0.00,-9243768130.00,1046278805204.00,-1014868596476.00,49973489631.00,229998314361.00,-1429238222.00,13170000000.00,29535359489.00,247146083058.00,-446474588159.00,0.00,-1452559480.00,801702959833.00,-1107022314733.00,-4808323.00,-306776722703.00,293027494342.00,668414723359.00,1893696463.00,963335914164.00,VNM,2026-02-10,VCI,
VNM,2017,3,3223014334435.00,313041751008.00,3438771223.00,-235275295.00,9521857674.00,-8393748492.00,7006245652.00,-196524797524.00,3355459619830.00,-381497100128.00,309819135860.00,-84783736100.00,11749845419.00,-7006245652.00,-428250958947.00,0.00,-258595612325.00,2516894947957.00,-530926922208.00,12754474532.00,850011799478.00,1158251597.00,-100000000000.00,0.00,201425742917.00,434423346316.00,0.00,-54360575098.00,570803480214.00,-487796582887.00,-2903116484782.00,-2874470162553.00,76848131720.00,590906789944.00,659801695.00,668414723359.00,VNM,2026-02-10,VCI,
VNM,2017,2,3444022345991.00,314288377307.00,2837979598.00,2911766974.00,-1399766352.00,-18980009176.00,4023632084.00,-195028555940.00,3557266251635.00,-562133549735.00,-291495672990.00,864673523943.00,-20244107430.00,-4023632084.00,-433641587858.00,0.00,-107265614975.00,3003135610506.00,-609408193544.00,44351183120.00,-1298258834235.00,167837165623.00,0.00,0.00,117246260959.00,-1578232418077.00,0.00,-87145916880.00,726000210240.00,-792260176986.00,-2902686424000.00,-3056092307626.00,-1631189115197.00,2216760721249.00,5335183892.00,590906789944.00,VNM,2026-02-10,VCI,
VNM,2017,1,3476087663755.00,311243892290.00,-5248321388.00,2045337290.00,6756455655.00,-16609907192.00,13393474209.00,-186324026005.00,3605935049763.00,-535822761013.00,575893123634.00,74089011677.00,1622947718.00,-34476094310.00,-189074031088.00,0.00,-462882084959.00,3035285161422.00,-517785777958.00,13632259257.00,0.00,134306171542.00,0.00,0.00,189141986132.00,-180705361027.00,0.00,-139441921480.00,678543472183.00,-1837107787294.00,0.00,-1298006236591.00,1556573563804.00,655423095436.00,4764062009.00,2216760721249.00,VNM,2026-02-10,VCI,
VNM,2016,4,2204169931367.00,305898825987.00,9870879395.00,-2421530243.00,-11837673491.00,-625995076746.00,19574144919.00,490446032083.00,2389705533271.00,683975707234.00,-729218911374.00,294247502773.00,-15910075449.00,-6359793658.00,-696468005657.00,0.00,-86405240153.00,1833566716987.00,-563825266202.00,14992224440.00,-1448254879189.00,-68402720000.00,0.00,1800000000.00,148429296008.00,-1915261344943.00,0.00,-1064835600.00,793714910086.00,-823150958440.00,0.00,-30500883954.00,-112195511910.00,772572092518.00,-4953485172.00,655423095436.00,VNM,2026-02-10,VCI,
VNM,2016,3,3044873308173.00,299199643751.00,1997166470.00,-1122641475.00,-2944306481.00,11186138007.00,9907013298.00,-158222932118.00,3204873389625.00,-214469721916.00,415554950933.00,172466280018.00,-32188309264.00,-17902089394.00,-526612749831.00,0.00,-325166832602.00,2687584251069.00,-274831031269.00,19136893916.00,-2085033711.00,-318119017671.00,0.00,0.00,111424073132.00,-464474115603.00,354965040720.00,-459688141.00,2403872588708.00,-2434361645825.00,-4838199696000.00,-4514183400538.00,-2291073265072.00,3059808166107.00,3837191483.00,772572092518.00,VNM,2026-02-10,VCI,
VNM,2016,2,3362070367159.00,296186157902.00,10914616653.00,-2654178472.00,14781979972.00,138855035365.00,8704401479.00,-332223099965.00,3496635280093.00,-8767370365.00,-379289285036.00,271245446363.00,19322587690.00,-5530486223.00,-419991024402.00,0.00,-20535485116.00,2953089687014.00,-124416915644.00,8239997175.00,937769650000.00,385250985674.00,0.00,0.00,190774479178.00,1397618196383.00,0.00,-67797170608.00,194864990907.00,-239776180663.00,-2400278796000.00,-2512987156364.00,1837720727033.00,1228329938789.00,-6242499715.00,3059808166107.00,VNM,2026-02-10,VCI,
VNM,2016,1,2626512964197.00,289552380294.00,2069301682.00,4879483004.00,0.00,-159026751087.00,8313790353.00,0.00,2772301168443.00,-643813097813.00,-343931914727.00,-407564684707.00,112828925191.00,-4411251035.00,-128170725101.00,0.00,-442089418988.00,915540651263.00,-178539539234.00,7957839467.00,-937769650000.00,1270751997.00,-8100000000.00,0.00,151511215125.00,-963669382645.00,0.00,0.00,679432646891.00,-762757530671.00,0.00,-83324883780.00,-131453615162.00,1358682600684.00,1100953267.00,1228329938789.00,VNM,2026-02-10,VCI,
VNM,2015,4,2285812672463.00,282693269930.00,9452796831.00,-1832703171.00,0.00,-118645695328.00,8538729589.00,0.00,2466019070314.00,220420988772.00,-187776432431.00,-131452125151.00,-84322648065.00,-4302072489.00,-532921429124.00,0.00,-154964043556.00,1590690156909.00,-199490388329.00,-7757208485.00,-1309442450000.00,-438849070340.00,0.00,8843058117.00,171300066306.00,-1775395992731.00,784391909.00,0.00,922113056493.00,-816410975120.00,-1549950354.00,104936522928.00,-79769312894.00,1409857423245.00,28594490333.00,1358682600684.00,VNM,2026-02-10,VCI,
VNM,2015,3,2553778018374.00,276279699878.00,-2326598340.00,4070666998.00,0.00,-133072431101.00,7823572163.00,0.00,2706552927972.00,46092094373.00,104484498560.00,283014730199.00,3517086155.00,-6933611285.00,-505175219378.00,-22765700000.00,-153058969212.00,2578554111239.00,-286419670818.00,12665980902.00,212862360672.00,440826441325.00,-80161500899.00,3532122500.00,161224879154.00,464530612836.00,22320014037.00,0.00,1745095032790.00,-1237171192396.00,-4000474416000.00,-3470230561569.00,-427145837494.00,1854221704170.00,-17218443431.00,1409857423245.00,VNM,2026-02-10,VCI,
VNM,2015,2,2622484714956.00,271404668281.00,-7110705898.00,1712378954.00,0.00,-168426171453.00,6783629838.00,0.00,2726848514678.00,-18923403981.00,63761443246.00,-7743119813.00,-19321562854.00,-6253423958.00,-345113069246.00,0.00,-93588930597.00,2300992832381.00,-369439681479.00,10561319038.00,631251751997.00,0.00,20982476.00,1527061268.00,33639943837.00,307561377137.00,84371992908.00,0.00,1306014281986.00,-1365990956702.00,-2000237208000.00,-1975841889808.00,632712319710.00,1227505962892.00,-5996578432.00,1854221704170.00,VNM,2026-02-10,VCI,
VNM,2015,1,1905065650592.00,266697914650.00,9730802015.00,21503375.00,0.00,-120953311467.00,8131520374.00,0.00,2068694079539.00,-82027954407.00,-479008754986.00,340520121347.00,64253223010.00,-9841219741.00,-422400933527.00,22765700000.00,-314040254076.00,1188914007159.00,-212491480427.00,28530489589.00,-1034114112669.00,0.00,-20982476.00,0.00,94718653758.00,-1123377432225.00,0.00,0.00,0.00,-363166758519.00,0.00,-363166758519.00,-297630183585.00,1527875428216.00,-2739281739.00,1227505962892.00,VNM,2026-02-10,VCI,
VNM,2014,4,2176921311427.00,263064953718.00,-3640165104.00,9183282297.00,0.00,-137459574325.00,9075994158.00,0.00,2317145802171.00,-284555594237.00,-140172757190.00,126060617090.00,-55343121010.00,-7675427249.00,-383310768661.00,45152745658.00,-73105950595.00,1544195545977.00,-288398582496.00,13733258951.00,-550420667523.00,0.00,-2011694925.00,17213461471.00,133048456472.00,-676835768050.00,168684341.00,0.00,-3666195544.00,-6438074389.00,-488201.00,-9936073793.00,857423704134.00,670329547281.00,122176801.00,1527875428216.00,VNM,2026-02-10,VCI,
VNM,2014,3,1723121792874.00,261083845708.00,2936371849.00,-13342408990.00,-6234942158.00,-368448360666.00,7423763901.00,248292374936.00,1854832437454.00,-283428430610.00,700224588589.00,-547820013811.00,19356738147.00,-3941104832.00,-448978208152.00,0.00,-144373533102.00,1145872473683.00,-281081876600.00,13504052453.00,-3000096000000.00,1801892101394.00,86728260.00,-86515208.00,129387586257.00,-1336393923444.00,68951103287.00,0.00,1241880467897.00,-1419835457.00,-1666867855129.00,-357456119402.00,-547977569163.00,1219936043702.00,-1628927258.00,670329547281.00,VNM,2026-02-10,VCI,
VNM,2014,2,1969970340278.00,256700612080.00,11181881075.00,-2385211951.00,6234942158.00,104577152258.00,12410656942.00,-248292374936.00,2110397997904.00,209752272202.00,-491003751413.00,296947233045.00,-4082278741.00,-12454117049.00,-319907772294.00,966420000.00,-6432953215.00,1784183050439.00,-121134383337.00,23949522845.00,1500000000000.00,-1796596000000.00,-572351069.00,498622064.00,279474544120.00,-114380045377.00,1301716303.00,-75788000.00,240956160318.00,-220059210062.00,-1666874642000.00,-1644751763441.00,25051241621.00,1193310867797.00,1573934284.00,1219936043702.00,VNM,2026-02-10,VCI,
VNM,2014,1,1743355416339.00,251880590533.00,-6691497143.00,-1860468523.00,0.00,-126621935996.00,10671322757.00,0.00,1870733427967.00,227802236917.00,-614365683108.00,84031617046.00,45574782583.00,-10671322757.00,-369710651438.00,0.00,-379321936739.00,854072470471.00,-168331439284.00,2707450005.00,-1600000000000.00,0.00,-175474400.00,2122893144.00,18568820979.00,-1745107749556.00,0.00,-243814000.00,11804394842.00,-5966180000.00,-666771088800.00,-661176687958.00,-1552211967043.00,2745645325950.00,-122491110.00,1193310867797.00,VNM,2026-02-10,VCI,
VNM,2013,4,1839575616385.00,234338576859.00,10212988650.00,1846201913.00,0.00,-126202558548.00,104027048.00,0.00,1959874852307.00,16245370232.00,13030704982.00,288107196577.00,-19647393735.00,-104027048.00,-381435472567.00,15000000.00,-30564397414.00,1845521833334.00,-413858030707.00,5168055655.00,-350000000000.00,50000000000.00,-124805693826.00,0.00,49247453259.00,-784248215619.00,0.00,-114858000.00,0.00,0.00,0.00,-114858000.00,1061158759715.00,1684436360678.00,50205557.00,2745645325950.00,VNM,2026-02-10,VCI,
VNM,2013,3,2056207979291.00,217046141830.00,2077386476.00,14811246488.00,1490563589.00,-17686524438.00,0.00,-104497829984.00,2169448963252.00,-100854666397.00,620615866424.00,-35627466875.00,11983677151.00,0.00,-440417416152.00,19271912000.00,-158618310985.00,2085802558418.00,-471825503988.00,3483548063.00,850000000000.00,2195381059.00,0.00,3127205437.00,68012306772.00,454992937343.00,0.00,-129847000.00,0.00,0.00,-1666951482000.00,-1667081329000.00,873714166761.00,812485229333.00,-1763035416.00,1684436360678.00,VNM,2026-02-10,VCI,
VNM,2013,2,2246550550556.00,181791307800.00,8209589727.00,7175018431.00,338734177.00,71212152937.00,0.00,-191907183590.00,2323370170038.00,-120146434803.00,-129679584301.00,-40213526678.00,-17971820185.00,0.00,-314240265642.00,1695349520.00,-135320934589.00,1567492953360.00,-251080359470.00,9047347728.00,-1073100000000.00,270000000000.00,0.00,31800000000.00,122196131313.00,-891136880429.00,0.00,-175398959.00,0.00,0.00,-1500283567800.00,-1500458966759.00,-824102893828.00,1633381902213.00,3206220948.00,812485229333.00,VNM,2026-02-10,VCI,
VNM,2013,1,1867922710487.00,153256896661.00,7318993345.00,-10767841818.00,0.00,-74019283699.00,0.00,0.00,1943711474976.00,-60152113353.00,-314325531999.00,-240792526573.00,-15625082924.00,0.00,-263889132445.00,2652000.00,-367188520297.00,681741219385.00,-353936443223.00,3292438182.00,-50000000000.00,32336515321.00,0.00,0.00,70095213874.00,-298212275846.00,0.00,-105339000.00,0.00,0.00,0.00,-105339000.00,383423604539.00,1252120160804.00,-2161863130.00,1633381902213.00,VNM,2026-02-10,VCI,
FPT,2025,4,3498404603905.00,799357162185.00,439639826670.00,79771309056.00,,-747618605185.00,207025852637.00,,4276580149268.00,-1378491062205.00,-116465576774.00,1887405476440.00,-1294248598.00,-229165608776.00,-266308557020.00,0.00,-10850944897.00,4161409627438.00,-1025175214715.00,793894439.00,-19497962555746.00,17046161206333.00,-415590467225.00,358779074.00,563048321820.00,-3328366036020.00,2794778.00,0.00,11517570319652.00,-9866402296591.00,-1702079053200.00,-51149242956.00,781894348462.00,9853512731370.00,-95225438912.00,10540181640920.00,FPT,2026-02-10,VCI,-241007595.00
FPT,2025,3,3374738598090.00,734178712672.00,47498611636.00,29175508927.00,,-588504116817.00,233582914481.00,,3830670228989.00,-532628876071.00,23467202956.00,1915125309361.00,-155675161774.00,-244250547102.00,-452247490721.00,0.00,-40440604859.00,4344020060779.00,-830371040007.00,2509745476.00,-10246875400883.00,9706147048362.00,-69458442668.00,0.00,340788225860.00,-1097259863860.00,3000000.00,0.00,7824889714007.00,-11220806613192.00,-6194605275.00,-3402360894241.00,-155600697322.00,10019630995136.00,-10517566444.00,9853512731370.00,FPT,2026-02-10,VCI,-252389781.00
FPT,2025,2,3141032584460.00,721965579781.00,57938863082.00,-64717262394.00,,-749583262000.00,216761295705.00,,3323397798634.00,-307854255428.00,33156557092.00,1937186010413.00,-232106924674.00,-177254861198.00,-241660887432.00,0.00,-144386436677.00,4190477000730.00,-687830960368.00,810291524.00,-17090346868606.00,14236985730372.00,-131294469705.00,17433745902.00,817639763306.00,-2836602767575.00,1196229390000.00,0.00,11552806194767.00,-7901515047258.00,-2865470362188.00,1981787361553.00,3335661594708.00,6755645214252.00,-71675813824.00,10019630995136.00,FPT,2026-02-10,VCI,-262813768.00
FPT,2025,1,3024693510849.00,644023121646.00,85128981266.00,-71839057689.00,,-490145755006.00,152389538333.00,,3344250339399.00,-595412339418.00,-248648680346.00,-3168677797967.00,-205624354170.00,-161803237457.00,-1286964186262.00,0.00,-184023466180.00,-2506903722401.00,-2607427905351.00,3212123070.00,-10159337998571.00,8175498984215.00,-94356673179.00,5739731680.00,279282736376.00,-4397389001760.00,0.00,0.00,12175546656648.00,-7902260870560.00,-9557000.00,4273045645176.00,-2631247078985.00,9315440438884.00,71451854353.00,6755645214252.00,FPT,2026-02-10,VCI,-230583912.00
FPT,2024,4,2958495178069.00,643307118661.00,869017513957.00,-70305066169.00,,-510810581685.00,134854268998.00,,4024558431831.00,422213671904.00,203736468281.00,1178663906552.00,-179916896052.00,-124205428778.00,-114629531066.00,0.00,-13864424110.00,5396556198562.00,-838077306200.00,697620442.00,-12927219472332.00,10606724400366.00,-267882879016.00,48102486048.00,274299454911.00,-3103355695781.00,106211170000.00,0.00,5780557256676.00,-5398194818783.00,-1469515337775.00,-981164416268.00,1312036086513.00,7935632407357.00,67771945014.00,9315440438884.00,FPT,2026-02-10,VCI,-222686386.00
FPT,2024,3,2908620633374.00,644267304242.00,184625096550.00,181991482518.00,,-456702528472.00,128825950601.00,,3591627938813.00,-1241612260855.00,-173093145210.00,1662964903692.00,-166500663328.00,-198428414709.00,-228190332417.00,0.00,-10823229000.00,3235944796986.00,-876954143250.00,1616251625.00,-8247959851394.00,8725918508280.00,-94349648464.00,0.00,364420147044.00,-127308736159.00,57131819874.00,0.00,7449918727586.00,-9459849670403.00,-18119086577.00,-1972318909327.00,1136317151500.00,6836262549195.00,-36947293338.00,7935632407357.00,FPT,2026-02-10,VCI,-1400699807.00
FPT,2024,2,2668968551824.00,630349712236.00,14203632656.00,-42817780646.00,,-419955973144.00,150125422101.00,,3000873565027.00,-926810872792.00,-24269860464.00,2031571606019.00,19707673468.00,-124408944051.00,-233770928124.00,0.00,-14014690585.00,3728877548498.00,-912958599267.00,1618261988.00,-11804030293743.00,10099852425500.00,-10808869438.00,0.00,607154928052.00,-2019172146908.00,0.00,0.00,7228633945893.00,-7172714473158.00,-1269151045384.00,-1213567970069.00,496137431521.00,6341457504996.00,-1332387322.00,6836262549195.00,FPT,2026-02-10,VCI,-336397420.00
FPT,2024,1,2533582054552.00,617374340526.00,81105147752.00,-22556832506.00,,-337553397592.00,137833720086.00,,3009785032818.00,-167453550762.00,-271641024449.00,-1997629152574.00,-67254616445.00,-160111959538.00,-633330715962.00,0.00,-369965368266.00,-657601355178.00,-647322276985.00,10295249160.00,-8977359495900.00,6851263040484.00,-733152087882.00,0.00,284299976870.00,-3211975594253.00,0.00,0.00,10487172776046.00,-7982467720579.00,-535074322385.00,1969285169830.00,-1900291779601.00,8279156683221.00,-37407398624.00,6341457504996.00,FPT,2026-02-10,VCI,-345563252.00
FPT,2023,4,2435092799591.00,676678338463.00,470735400917.00,-68387251886.00,,-436657963650.00,206644073232.00,,3284105396667.00,-60812532941.00,171483828380.00,1089883462715.00,86456302249.00,-320269511758.00,-266834360511.00,0.00,-8949467333.00,3975063117468.00,-936419359950.00,9526779053.00,-7266476702593.00,10829081604630.00,-1053326490167.00,0.00,649966271040.00,2232352102013.00,0.00,0.00,7596496990331.00,-12719909236528.00,-1857559615.00,-5125627685183.00,1081787534298.00,7153625069795.00,43744079128.00,8279156683221.00,FPT,2026-02-10,VCI,-357879371.00
FPT,2023,3,2429150459859.00,557527595017.00,15169771232.00,126189249999.00,,-544698633183.00,265654864395.00,,2848993307319.00,-926271125556.00,282384093843.00,1971966230913.00,-46580704009.00,-161649214270.00,-255133912886.00,0.00,-9735692245.00,3703972983109.00,-1123052126580.00,7657615939.00,-5579325976926.00,6413233166862.00,-260888050990.00,94939906000.00,344023912939.00,-103411552756.00,0.00,0.00,8360601367622.00,-8696647987147.00,-2371938249525.00,-2708279576174.00,892281854179.00,6236475101406.00,24868114210.00,7153625069795.00,FPT,2026-02-10,VCI,-294707124.00
FPT,2023,2,2218132633347.00,542326870002.00,27037979804.00,-100962353080.00,,-388369753500.00,212364005360.00,,2510529381933.00,118119344163.00,57442490330.00,946527284360.00,10659492350.00,-160991654715.00,-162489287440.00,0.00,-52026419984.00,3267770630997.00,-1295411927462.00,769674106.00,-13958940271643.00,7357672039717.00,-131577791087.00,0.00,910563613381.00,-7116924662988.00,73050500000.00,0.00,11615919717863.00,-4450236364211.00,-377874873800.00,6833629999298.00,2984475967307.00,3289424451229.00,-37425317130.00,6236475101406.00,FPT,2026-02-10,VCI,-27228980554.00
FPT,2023,1,2120643647098.00,510016474629.00,127203042533.00,9089996756.00,,-640246263497.00,147985668274.00,,2274692565793.00,-149759558922.00,-115149297662.00,-2621858951796.00,-117502927576.00,-189127995202.00,-286845937469.00,0.00,-221143116021.00,-1426695218855.00,-623674682456.00,11586480653.00,-6731446119194.00,5858264271833.00,-306515795863.00,0.00,232671727970.00,-1559114117057.00,0.00,0.00,6698228161444.00,-6685088864823.00,-178957765195.00,-168106676636.00,-3153916012548.00,6440177174322.00,3163289455.00,3289424451229.00,FPT,2026-02-10,VCI,-2288208062.00
FPT,2022,4,1989028630914.00,500029827304.00,616541583535.00,58787739060.00,,-526082534268.00,156583283497.00,,2794888530042.00,-1106673777230.00,175395225847.00,1195278491834.00,-205593299191.00,-199132300872.00,-580903064164.00,0.00,-74628727662.00,1998631078604.00,-1242589310752.00,437966142.00,-7549708156781.00,15004802557968.00,-121688535896.00,28200047000.00,584541046103.00,6703995613784.00,7181600000.00,0.00,2888553449095.00,-8884259572642.00,-397495900.00,-5991386699398.00,2711239992990.00,3737291803926.00,-8354622648.00,6440177174268.00,FPT,2026-02-10,VCI,-2464679951.00
FPT,2022,3,2028024819924.00,455112193671.00,181566912077.00,52094188065.00,,-497004314547.00,166542329315.00,,2386336128505.00,-750073714243.00,10707622080.00,1743590766874.00,-169726753340.00,-148610771875.00,-243651636637.00,0.00,-9686929000.00,2818884712364.00,-747831923421.00,484495775.00,-7206028064096.00,8458326041070.00,-273881675684.00,28200047000.00,271477931470.00,530746852114.00,0.00,0.00,6165244903885.00,-9702286221087.00,-1274523335350.00,-4814654837307.00,-1465023272829.00,5219950154604.00,-17635077849.00,3737291803926.00,FPT,2026-02-10,VCI,-3090184755.00
FPT,2022,2,1857844626387.00,447956576173.00,-28165541725.00,-75830118684.00,,-446027776455.00,176780202333.00,,1932557968029.00,169999528624.00,-358199189918.00,793812469121.00,-86105846762.00,-164709307828.00,-205902901477.00,0.00,-46154386014.00,2035298333775.00,-710980983387.00,3020594474.00,-4839732516607.00,4992708365166.00,-149236241944.00,0.00,709154444759.00,4933662461.00,62123329275.00,0.00,9013536398007.00,-9756141831889.00,-944460727426.00,-1627419372150.00,412812624086.00,4825840656865.00,-18703126347.00,5219950154604.00,FPT,2026-02-10,VCI,-2476540117.00
FPT,2022,1,1779047846680.00,430035197980.00,89399909694.00,-27398961364.00,,-540253007882.00,145819741163.00,,1876650726271.00,-408473574946.00,-325706369017.00,-2214552976580.00,-172525514290.00,-129336588963.00,-191388167584.00,0.00,-273166933002.00,-1838499398111.00,-485430154004.00,1718973637.00,-13388405350671.00,12213279082524.00,-249624051.00,0.00,216215570169.00,-1442871502396.00,7723760000.00,0.00,10052894233746.00,-7397367323294.00,-2753237319.00,2660152692532.00,-621218207975.00,5417845293242.00,29213571598.00,4825840656865.00,FPT,2026-02-10,VCI,-344740601.00
FPT,2021,4,1760402225467.00,458158012704.00,39796663769.00,-19060227915.00,,-585657291168.00,138051289995.00,,1791690672852.00,-419795810552.00,452334064188.00,1782555834477.00,-168065936985.00,-122942983590.00,-423297798061.00,0.00,41789101404.00,2934267143733.00,-890243073814.00,680069381.00,-13164712447507.00,8715246105016.00,-135019453347.00,0.00,284288374708.00,-5189760425563.00,0.00,0.00,10301887489625.00,-7885184788039.00,-185329827275.00,2230747354472.00,-24745927358.00,5446784083688.00,-4192882283.00,5417845274047.00,FPT,2026-02-10,VCI,-625519839.00
FPT,2021,3,1638572771884.00,412677697690.00,92616498281.00,11948579368.00,,-400706720285.00,120148949616.00,,1875257776554.00,72551729611.00,-99660954755.00,120823333955.00,-37801580690.00,-129236691013.00,-213582047269.00,0.00,35364915.00,1588386931308.00,-600290303392.00,751381248.00,-8303095176592.00,7846066786719.00,-31155979863.00,420000000.00,264496492572.00,-822806799308.00,29140000000.00,0.00,8712779094344.00,-8114218024190.00,-908452811825.00,-280991696637.00,484588435363.00,4978881337221.00,-16685688896.00,5446784083688.00,FPT,2026-02-10,VCI,-239954966.00
FPT,2021,2,1539464518474.00,386729793605.00,146040451868.00,21240184423.00,,-378420396991.00,124530447801.00,,1839584999180.00,-627168722951.00,-215346281347.00,1454852031824.00,-101276360915.00,-119187250128.00,-114248828074.00,0.00,-15312816407.00,2101896771182.00,-810212916667.00,796437839.00,-12923503210310.00,11028696617740.00,63815003753.00,0.00,476788572547.00,-2163619495098.00,58471404675.00,0.00,7015372275735.00,-6306379454143.00,-862498108050.00,-95253918929.00,-156976642845.00,5162685900519.00,-26827920453.00,4978881337221.00,FPT,2026-02-10,VCI,-220037146.00
FPT,2021,1,1396751211337.00,386343688745.00,73754310236.00,-78041968544.00,,-334170310563.00,99817213604.00,,1544454144815.00,280130646330.00,-355558654325.00,-1575604939361.00,-68399255544.00,-80188741107.00,-293906079737.00,0.00,-233431616446.00,-782504495375.00,-612643752771.00,639001817.00,-1435807810770.00,0.00,-348518102879.00,0.00,157238394322.00,-2239092270281.00,0.00,0.00,8433667718307.00,-4625382966624.00,-297903198825.00,3510160696497.00,488563930841.00,4686191374038.00,-12069404360.00,5162685900519.00,FPT,2026-02-10,VCI,-220856361.00
FPT,2020,4,1447320040402.00,388297670978.00,270031770202.00,13112713378.00,,-302344472792.00,98553625985.00,,1914971348153.00,-198921991818.00,-29598634873.00,1056746353957.00,53730572653.00,-88167135237.00,-260765048787.00,0.00,-46055332206.00,2401940131842.00,-1216644520225.00,893494114.00,-2633451553347.00,0.00,-3910706681.00,0.00,214418398948.00,-3638694887191.00,25470000000.00,0.00,6525423492757.00,-4794108032481.00,-148723280050.00,1607835954091.00,371081198742.00,4306782189437.00,7001480182.00,4684864868361.00,FPT,2026-02-10,VCI,-226226135.00
FPT,2020,3,1385878971886.00,372221761446.00,78887286573.00,-5368707091.00,,-273808227095.00,85791923680.00,,1643603009399.00,-256855120310.00,-158599231746.00,1023701343566.00,-1276270354.00,-104079628833.00,-184465325340.00,0.00,-19050596958.00,1942978179424.00,-467250709640.00,1775554231.00,-1168782626028.00,0.00,-66657180894.00,0.00,170758148158.00,-1530156814173.00,392908611.00,0.00,5365448198112.00,-4730733277935.00,-919753396775.00,-285406221551.00,127415143700.00,4180454757893.00,-1087712156.00,4306782189437.00,FPT,2026-02-10,VCI,-760653564.00
FPT,2020,2,1285493108002.00,368909141743.00,-33795401989.00,-20788997694.00,,-244896562395.00,101366297422.00,,1456287585089.00,474661288141.00,-25097837720.00,592379071641.00,120196004700.00,-120531439566.00,-82806934399.00,0.00,5291975846.00,2420379713732.00,-682595481990.00,459977961.00,-8756753003263.00,7106294339034.00,5747600288.00,31000000000.00,383449242518.00,-1912397325452.00,-147227851.00,0.00,3711583892590.00,-3225886490533.00,-695538858200.00,-210239251399.00,297743136881.00,3891505567428.00,-8793946416.00,4180454757893.00,FPT,2026-02-10,VCI,-250567405.00
FPT,2020,1,1142289868828.00,361754904561.00,-2153504264.00,9658270348.00,,-218568594119.00,99625907809.00,,1392606853163.00,247451095313.00,158171103417.00,-1550561101907.00,-120035857830.00,-89135581096.00,-249750324350.00,0.00,-232686738986.00,-443940552276.00,-651906628045.00,194044504.00,-501401478135.00,0.00,-18602427347.00,0.00,125836283691.00,-1045880205332.00,33917900000.00,0.00,4845978111764.00,-2819149748652.00,-135063847900.00,1925166068896.00,435345311288.00,3453388617569.00,2771638571.00,3891505567428.00,FPT,2026-02-10,VCI,-516346316.00
FPT,2019,4,1041350935269.00,346046222543.00,229971499273.00,8364259017.00,,94598001716.00,117279119511.00,,1837610037329.00,565592069399.00,23943622866.00,844989095915.00,-645855809593.00,-75681256776.00,-280536114827.00,157410174984.00,-176412334148.00,2251059485149.00,-199475459360.00,-1781676437.00,263212956596.00,0.00,-259439108474.00,-18783573200.00,437649314598.00,221382453723.00,0.00,0.00,3178838334426.00,-4660763724055.00,-758293351565.00,-2240218741194.00,232223197678.00,3230352153676.00,-4919599614.00,3457655751740.00,FPT,2026-02-10,VCI,0.00
FPT,2019,3,1368471027871.00,346549618162.00,23368926409.00,-28012203193.00,,-233519009363.00,100505919296.00,,1577364279182.00,-260238579300.00,157007833655.00,174833136315.00,-450968153914.00,-68789428163.00,-130104628357.00,0.00,-3108700789.00,995995758629.00,-837939582329.00,324951078.00,-446763471324.00,0.00,-36576587147.00,8000000000.00,166251099297.00,-1146703590425.00,0.00,0.00,4653650032724.00,-3552395784559.00,-801201624050.00,300052624115.00,149344792319.00,3081007361357.00,0.00,3230352153676.00,FPT,2026-02-10,VCI,0.00
FPT,2019,2,1178628750300.00,332986023249.00,30862841778.00,42200094576.00,,-194469805398.00,72389484923.00,,1462597389428.00,-590890520416.00,-54191082926.00,751320077051.00,-79126398618.00,-85537842893.00,-111762273842.00,0.00,-47894505959.00,1244514841825.00,-770970377560.00,-26669521.00,-139679918476.00,0.00,-63500000000.00,0.00,145550403445.00,-828626562112.00,31782000000.00,-167383200.00,2933397150028.00,-2314093732124.00,-664003790775.00,-13085756071.00,402802523642.00,2678204837715.00,0.00,3081007361357.00,FPT,2026-02-10,VCI,0.00
FPT,2019,1,960366721615.00,318407902750.00,-2842245162.00,6886666420.00,,-172799781155.00,72702857836.00,,1182722122304.00,454936663387.00,-75416608610.00,-1319006658568.00,-63321889857.00,-97290754705.00,-200255836004.00,0.00,-212406223815.00,-330039185868.00,-904560732250.00,281565737.00,-158272299275.00,0.00,-41852000000.00,101389573200.00,133816642623.00,-869197249965.00,0.00,-102241800.00,3005078473648.00,-3038751008368.00,-14511156225.00,-48285932745.00,-1247522368578.00,3925727206293.00,0.00,2678204837715.00,FPT,2026-02-10,VCI,0.00
FPT,2018,4,1114533003366.00,293889676252.00,45064328632.00,15882975907.00,,-207710076287.00,74811405467.00,,1336471313337.00,-609437968983.00,212080457476.00,770616410068.00,-81217395913.00,-111721558534.00,-164118149356.00,0.00,-76287444863.00,1276385663232.00,-816785919496.00,30974137.00,-500859589485.00,0.00,480000000.00,14329124836.00,138330597114.00,-1164474812894.00,0.00,0.00,1659587216711.00,-1708333529810.00,-118993374075.00,-167739687174.00,-55828836836.00,3982145134665.00,0.00,3926316297829.00,FPT,2026-02-10,VCI,0.00
FPT,2018,3,1050676926003.00,310650048095.00,19008011926.00,903961400.00,,-172477711339.00,62035657522.00,,1270796893607.00,-132202396055.00,-304249171946.00,356373275503.00,-61974044140.00,-58402678854.00,-75623913999.00,0.00,-23402629020.00,971315335096.00,-375579980322.00,308615268.00,-686733112549.00,485877271686.00,-630488949233.00,0.00,140991767575.00,-1065624387575.00,0.00,0.00,2710640478264.00,-2068588589554.00,-625687714975.00,16364173735.00,-77944878744.00,4060090013409.00,0.00,3982145134665.00,FPT,2026-02-10,VCI,0.00
FPT,2018,2,906314220349.00,286031373028.00,28004591987.00,-34393594223.00,,-208220407371.00,55088753336.00,,1032824937106.00,182885124689.00,-19213297489.00,483241975302.00,-94124245541.00,-49019408948.00,-27353070197.00,0.00,-55546845121.00,1453695169801.00,-658374370301.00,417340235.00,420153483511.00,-485877271686.00,-79534620000.00,165900000000.00,98071267749.00,-539244170492.00,26545560000.00,0.00,2920832479563.00,-2078480355984.00,-799403076450.00,69494607129.00,983945606438.00,3076144406971.00,0.00,4060090013409.00,FPT,2026-02-10,VCI,0.00
FPT,2018,1,780778210852.00,274120905699.00,28467536958.00,36234011948.00,,-172895957104.00,46408615422.00,,993113323775.00,430508628152.00,-117726206731.00,-997380363984.00,-130373073840.00,-44399653219.00,-162818299787.00,0.00,-88490091653.00,-117565737287.00,-602935284388.00,16349167.00,-420153483511.00,0.00,0.00,0.00,96312241294.00,-926760177438.00,0.00,0.00,2963896342683.00,-2160548216900.00,-163537318875.00,639810806908.00,-404515107817.00,3480659514788.00,0.00,3076144406971.00,FPT,2026-02-10,VCI,0.00
FPT,2017,4,1940194881279.00,296046482587.00,48802285910.00,-6397702835.00,,-1022815599789.00,70422375454.00,,1326252722606.00,-1673745395345.00,-723601695214.00,2002489069911.00,-47682271015.00,-54274342970.00,-270426500265.00,0.00,7799349929.00,566810937637.00,-265599470404.00,-1642129706.00,-942508215806.00,25654459565.00,0.00,-1743479749068.00,115873769868.00,-2811701335551.00,0.00,260000000.00,4630850181600.00,-3895002779658.00,-234773378429.00,501334023513.00,-1743556374401.00,5224202887296.00,0.00,3480646512895.00,FPT,2026-02-10,VCI,0.00
FPT,2017,3,881652746973.00,252656443882.00,38949722145.00,-16586575319.00,,-107765043075.00,85119266199.00,,1134026560805.00,-548696033121.00,-229812150600.00,844556478282.00,-85969268233.00,-97194493968.00,-87227602074.00,0.00,-16326506378.00,913356984713.00,-339891714976.00,521161501.00,0.00,-123346676303.00,0.00,918600000000.00,90184021953.00,546066792175.00,500000000.00,0.00,5464212713263.00,-5736500947703.00,-541394158053.00,-813182392493.00,646241384395.00,4577961502901.00,0.00,5224202887296.00,FPT,2026-02-10,VCI,0.00
FPT,2017,2,783482958680.00,249836681594.00,64737057859.00,8309386893.00,,-105242796123.00,100132120954.00,,1101255409857.00,-828700201756.00,708199930415.00,724045105757.00,-10442999073.00,-118075386374.00,-111733063514.00,0.00,-54308652446.00,1410240142866.00,-311015472400.00,1701797292.00,0.00,833980554746.00,0.00,638567493.00,111217059170.00,636522506301.00,23143700000.00,-10000000.00,4752626488803.00,-5810439707279.00,-470033032800.00,-1504712551276.00,542050097891.00,4035911405008.00,0.00,4577961502899.00,FPT,2026-02-10,VCI,0.00
FPT,2017,1,643244794751.00,240877160280.00,32079200825.00,-4276764673.00,,-93661195649.00,112871916941.00,,931135112475.00,717745206261.00,-311261568352.00,-1909817307407.00,91883152.00,-116865618894.00,-174796036102.00,0.00,-189268473329.00,-1053036802196.00,-187864270732.00,3292174348.00,0.00,-736288338008.00,0.00,946800000.00,90781467399.00,-829132166993.00,15500000000.00,-120000000.00,6454882031000.00,-6481311328384.00,-84231718193.00,-95281015577.00,-1977449984766.00,6013361389774.00,0.00,4035911405008.00,FPT,2026-02-10,VCI,0.00
FPT,2016,4,1002297239272.00,257003615767.00,-7268326249.00,13878802387.00,,-110102530661.00,102512653452.00,,1258321453968.00,-1022920816584.00,-32078650819.00,977947042120.00,-122316040630.00,-83482568384.00,-82982863869.00,0.00,-104188615159.00,788298940643.00,-183646765064.00,2104370697.00,-1069782619792.00,0.00,-220729133820.00,22097109222.00,108326229017.00,-1341630809740.00,-3104300000.00,1403700000.00,7398226504778.00,-5988014247487.00,705458.00,1408512362749.00,855180493652.00,4675450843741.00,0.00,5530631337393.00,FPT,2026-02-10,VCI,0.00
FPT,2016,3,754086133430.00,257897328907.00,66705599865.00,-1371330206.00,,-61986583655.00,104295791626.00,,1119626939967.00,-620270226326.00,268587089657.00,1061838175979.00,51621767315.00,-99649907895.00,-194354337220.00,0.00,-41916626365.00,1545482875112.00,-341576694657.00,1710672411.00,-171680617820.00,0.00,-21999999999.00,132118654473.00,62526840932.00,-338901144660.00,0.00,-773700000.00,4955225945359.00,-4741970822849.00,-619155527160.00,-406674104650.00,799907625802.00,3875543217939.00,0.00,4675450843741.00,FPT,2026-02-10,VCI,0.00
FPT,2016,2,694769657598.00,210377173002.00,27300782208.00,18525550529.00,,-92964365810.00,107257164991.00,,965265962518.00,140530074765.00,393475510280.00,215857778928.00,-25159480354.00,-85601650701.00,-83091155189.00,0.00,-41954977510.00,1479322062737.00,-390092240309.00,823181568.00,-533190801608.00,0.00,-71340954183.00,99079378763.00,74124983962.00,-820596451807.00,43311990000.00,-1506300000.00,4670469039397.00,-4527183793677.00,-398223613900.00,-213132678180.00,445592932750.00,3429950285189.00,0.00,3875543217939.00,FPT,2026-02-10,VCI,0.00
FPT,2016,1,562745635942.00,207132870420.00,23860287018.00,-15013463522.00,,-66141603958.00,63801798833.00,,776385524733.00,675592031306.00,163385882148.00,-813667905528.00,23622944769.00,-91030831676.00,-176653257710.00,0.00,-141820384198.00,415814003844.00,-427980474996.00,2938636.00,380453628759.00,0.00,0.00,66225020000.00,63791786286.00,82492898685.00,20556300000.00,0.00,5632001815211.00,-6264962252387.00,-40661631933.00,-653065769109.00,-154758866580.00,3584709151769.00,0.00,3429950285189.00,FPT,2026-02-10,VCI,0.00
FPT,2015,4,882089197438.00,272529828724.00,12247669003.00,11944901297.00,,-273900140649.00,105133994523.00,,1010045450336.00,-359202318447.00,-551701106576.00,742910530650.00,-671350416633.00,-87189297533.00,-72704978452.00,0.00,21762220541.00,32570083886.00,-182876151895.00,106003771487.00,-687275070271.00,0.00,0.00,0.00,137209697266.00,-626937753413.00,1530000000.00,0.00,6380923695948.00,-5218165362798.00,-904365050.00,1163383968100.00,569016298573.00,3015692853195.00,0.00,3584709151768.00,FPT,2026-02-10,VCI,0.00
FPT,2015,3,618499963188.00,114010804395.00,9439948971.00,-7709679278.00,,6600948988.00,54828938991.00,,795670925255.00,59355649833.00,95209095401.00,-201796177021.00,-64169291208.00,-58378121853.00,-127295624187.00,0.00,-35729309131.00,462867147089.00,-621286807576.00,-987252474.00,-668768320000.00,0.00,0.00,0.00,-52075557129.00,-1343117937179.00,2699500000.00,-4249500000.00,6372680639064.00,-5070324863490.00,-396002761750.00,904803013824.00,24552223734.00,2991140629461.00,0.00,3015692853195.00,FPT,2026-02-10,VCI,0.00
FPT,2015,2,705024545630.00,182982029906.00,36406079993.00,-16284897670.00,,-43419919096.00,65642153436.00,,930349992199.00,-515755712453.00,13116110101.00,654881292041.00,-76673091850.00,-58223782923.00,-68047687519.00,0.00,-37205056990.00,842442062606.00,-441587445495.00,2504807483.00,-344524947285.00,0.00,0.00,0.00,70111563819.00,-713496021478.00,20522670000.00,-100000000.00,5467635288074.00,-6043908786535.00,-577008412178.00,-1132859240639.00,-1003913199511.00,3995053828972.00,0.00,2991140629461.00,FPT,2026-02-10,VCI,0.00
FPT,2015,1,645332005031.00,162352394928.00,783301087.00,18319955679.00,,-66476746992.00,40841485197.00,,801152394930.00,38880793943.00,-252856624904.00,-803433595342.00,296212546960.00,-53558840006.00,-153423816216.00,0.00,-13954289772.00,-140981430407.00,-880511515042.00,464798822.00,550234177285.00,0.00,0.00,0.00,71323677005.00,-258488861930.00,6201800000.00,0.00,5739103377901.00,-5686977081786.00,-86422575.00,58241673540.00,-341228618797.00,4336282447769.00,0.00,3995053828972.00,FPT,2026-02-10,VCI,0.00
FPT,2014,4,630803373782.00,164238741744.00,45967916325.00,21417376051.00,,-204024891987.00,91952795323.00,,750355311238.00,-387837171502.00,-794456926062.00,658095690650.00,146682245316.00,-65027480375.00,-58903483618.00,0.00,-38093272721.00,210814912926.00,-911049695866.00,18906048708.00,-1013144793066.00,-118522395790.00,0.00,0.00,392923699906.00,-1630887136108.00,1640000000.00,0.00,10752836221461.00,-9137415768569.00,-747257025.00,1616313195867.00,196240972685.00,4106773475086.00,0.00,4303014447771.00,FPT,2026-02-10,VCI,0.00
FPT,2014,3,599424263440.00,137792133402.00,15342626230.00,-22548299293.00,,-29663208447.00,49194248354.00,,749541763686.00,-228249315818.00,-272261174419.00,455396298036.00,-117864124869.00,-54488004048.00,-99663915763.00,31355915266.00,-26802618523.00,436964823548.00,22183737780.00,-9333743844.00,738442371576.00,-167284134878.00,0.00,0.00,-286932470841.00,297075759793.00,8741820000.00,0.00,4967257368193.00,-3653150492800.00,-342578097600.00,980270597793.00,1714311181134.00,2392462293952.00,0.00,4106773475086.00,FPT,2026-02-10,VCI,0.00
FPT,2014,2,645004484376.00,120113047721.00,18427604347.00,-17589290282.00,,-80092505668.00,47212296680.00,,733075637174.00,-343216031512.00,-93865296855.00,747255188897.00,-119107191588.00,-22812053814.00,-86784048690.00,-31355915266.00,19884497883.00,803074786229.00,-341728909614.00,13558931610.00,0.00,-295823624260.00,0.00,0.00,58932070948.00,-565061531316.00,0.00,0.00,3890648829553.00,-4446827528822.00,-412421260800.00,-968599960069.00,-730586705156.00,3123048999108.00,0.00,2392462293952.00,FPT,2026-02-10,VCI,0.00
FPT,2014,1,581570638467.00,125129723218.00,5696461658.00,1848049687.00,,-91916924789.00,35506573224.00,,657834521465.00,281123471776.00,-151107971432.00,-834275974220.00,-17040620229.00,-60214999272.00,-156248625507.00,0.00,-19884497883.00,-299814695302.00,-209962055425.00,26591382.00,0.00,581630154928.00,0.00,0.00,24761194582.00,396455885467.00,6007090000.00,0.00,4206686343073.00,-3937244879795.00,-11888350.00,275436664928.00,372077855093.00,2750971144015.00,0.00,3123048999108.00,FPT,2026-02-10,VCI,0.00
FPT,2013,4,676391725018.00,124987009530.00,26872718020.00,-3353596393.00,,-182914885631.00,33207510570.00,,675190481114.00,-428461111465.00,-551145055543.00,1140070561798.00,-20124757516.00,-35724582290.00,-86916755594.00,0.00,32027089025.00,724915869529.00,-450494339426.00,-1319561201.00,-471919135990.00,0.00,0.00,0.00,24694096042.00,-899038940575.00,0.00,0.00,3779656410063.00,-3213938082963.00,-196417690829.00,369300636271.00,195177565225.00,2292011717347.00,0.00,2487189282572.00,FPT,2026-02-10,VCI,0.00
FPT,2013,3,562529454864.00,113860144779.00,5009847092.00,-539307554.00,,-83199655657.00,33765560183.00,,631426043707.00,-153746381475.00,179447013310.00,46737060160.00,-21682389239.00,-16199416872.00,-132745340507.00,0.00,8054276995.00,541290866079.00,-220895792996.00,1613841574.00,152754453885.00,-45920974281.00,0.00,0.00,45337980738.00,-67110491080.00,-150000000.00,0.00,3600721358401.00,-3468412404695.00,-470339465825.00,-338180512119.00,135999862880.00,2156011854467.00,0.00,2292011717347.00,FPT,2026-02-10,VCI,0.00
FPT,2013,2,702324732688.00,98098457698.00,40134654614.00,-131904094.00,,-95762269436.00,29936292950.00,,774599964420.00,-540963229017.00,-20075463790.00,123602940934.00,7885504948.00,-35714194995.00,-86253225725.00,0.00,27985123528.00,251067420303.00,-112727197387.00,-1983389560.00,-545024006229.00,0.00,0.00,0.00,40349907194.00,-619384685982.00,17577510000.00,92960000.00,3438588440871.00,-2776577382536.00,-83556770894.00,596124757441.00,227807491762.00,1928204362705.00,0.00,2156011854467.00,FPT,2026-02-10,VCI,0.00
FPT,2013,1,574384079642.00,107156330415.00,-87925448.00,-11229251451.00,,-56002884246.00,35581809119.00,,649802158031.00,441924007870.00,-305723782499.00,-518341345105.00,-30406645082.00,-21360679290.00,-134876535662.00,0.00,-42983214952.00,38033963311.00,-270263686503.00,2320280807.00,-150038784295.00,0.00,0.00,0.00,9009216200.00,-408972973791.00,0.00,-122380000.00,2765492900617.00,-2785142169522.00,0.00,-19771648905.00,-390710659385.00,2318915022090.00,0.00,1928204362705.00,FPT,2026-02-10,VCI,0.00
FPT,2007,2,299510007843.00,39468065547.00,0.00,-437664765.00,,-1252457408.00,11091556679.00,,348379507896.00,-181137187851.00,-100733291253.00,43751164363.00,-9899021298.00,-11091556679.00,-24486347039.00,0.00,-22051330762.00,42731937377.00,-73847803994.00,1252457408.00,0.00,0.00,-50000000000.00,0.00,0.00,-122595346586.00,4884000000.00,-18000000.00,1361800535893.00,-1116658462964.00,0.00,250008072929.00,170144663720.00,511180166408.00,-41928201.00,681282901927.00,FPT,2026-02-10,VCI,0.00
FPT,2007,1,206721851604.00,36931876042.00,0.00,50415764.00,,-1084669460.00,9609988640.00,,252229462590.00,225909260634.00,-253760281562.00,-90846866916.00,6551438913.00,-9609988640.00,-37778583300.00,0.00,-23675071025.00,69019370694.00,-69180808840.00,1084669460.00,0.00,0.00,-9500000000.00,0.00,0.00,-77596139380.00,2500000000.00,-22500000.00,1475134222492.00,-1589091804963.00,-38219326167.00,-149699408638.00,-158276177324.00,669451697346.00,4646386.00,511180166408.00,FPT,2026-02-10,VCI,0.00
VIC,2025,4,11116835000000.00,10295506000000.00,6692598000000.00,84079000000.00,0.00,-10295865000000.00,6257581000000.00,0.00,24150734000000.00,-28853853000000.00,-9611514000000.00,16496036000000.00,185611000000.00,-5720470000000.00,-700927000000.00,,0.00,-4054383000000.00,-18277469000000.00,1240328000000.00,-2401683000000.00,30040029000000.00,-33971811000000.00,16761703000000.00,752995000000.00,-5855908000000.00,318000000000.00,0.00,67920410000000.00,-55268526000000.00,-1683815000000.00,11286069000000.00,1375778000000.00,72150719000000.00,0.00,73526497000000.00,VIC,2026-02-10,VCI,0.00
VIC,2025,3,4024377000000.00,9008611000000.00,787212000000.00,877376000000.00,0.00,-34836687000000.00,9027158000000.00,0.00,-11111953000000.00,18933777000000.00,-52100255000000.00,59767396000000.00,-1844021000000.00,-7101369000000.00,-602411000000.00,,0.00,7940584000000.00,-26016418000000.00,383591000000.00,-4061682000000.00,11284465000000.00,-65173100000000.00,31734152000000.00,347157000000.00,-51501835000000.00,246100000000.00,0.00,90020118000000.00,-47970031000000.00,-870482000000.00,41511039000000.00,-2050212000000.00,74759825000000.00,-558894000000.00,72150719000000.00,VIC,2026-02-10,VCI,85334000000.00
VIC,2025,2,3777060000000.00,5944211000000.00,1157779000000.00,633114000000.00,0.00,1699406000000.00,7614201000000.00,0.00,20825771000000.00,-3407884000000.00,-16304160000000.00,109954141000000.00,-937247000000.00,-6231654000000.00,-15177042000000.00,,0.00,88222505000000.00,-29926382000000.00,354701000000.00,-17423096000000.00,2138007000000.00,-36426535000000.00,3655947000000.00,1222227000000.00,-76405131000000.00,492266000000.00,0.00,66880997000000.00,-37373466000000.00,-22844000000.00,29891619000000.00,41708993000000.00,32491938000000.00,558894000000.00,74759825000000.00,VIC,2026-02-10,VCI,-85334000000.00
VIC,2025,1,7381863000000.00,7049131000000.00,4909756000000.00,408606000000.00,0.00,-3818552000000.00,6102357000000.00,0.00,22033161000000.00,5554418000000.00,2652830000000.00,-44698830000000.00,1875827000000.00,-5853488000000.00,-1165946000000.00,,0.00,-17473778000000.00,-12883907000000.00,250577000000.00,-8628702000000.00,3274341000000.00,-2837438000000.00,3792505000000.00,403882000000.00,-16628742000000.00,1210662000000.00,0.00,63585814000000.00,-40784384000000.00,0.00,24012092000000.00,-10090428000000.00,42582366000000.00,0.00,32491938000000.00,VIC,2026-02-10,VCI,0.00
VIC,2024,4,5446885000000.00,5586927000000.00,6525747000000.00,1061496000000.00,0.00,-7750752000000.00,6919631000000.00,0.00,17789934000000.00,-28783274000000.00,12787495000000.00,58953183000000.00,1030708000000.00,-7228702000000.00,-3137974000000.00,,0.00,50961370000000.00,-21617763000000.00,1982242000000.00,-14199186000000.00,341218000000.00,-9633227000000.00,13255649000000.00,-1517171000000.00,-31388238000000.00,0.00,-10485188000000.00,44866250000000.00,-37884299000000.00,-60950000000.00,-3692987000000.00,15880145000000.00,27040242000000.00,-338021000000.00,42582366000000.00,VIC,2026-02-10,VCI,-128800000000.00
VIC,2024,3,4705397000000.00,6362201000000.00,-77258000000.00,-1655844000000.00,0.00,-7078921000000.00,5608268000000.00,0.00,7863843000000.00,-30693163000000.00,-26215552000000.00,59153241000000.00,-684144000000.00,-5857537000000.00,-6366227000000.00,,0.00,-2799539000000.00,-5993785000000.00,-704103000000.00,-1879147000000.00,3956886000000.00,-5611481000000.00,15808715000000.00,121520000000.00,5698605000000.00,20000000000.00,0.00,41070906000000.00,-45625047000000.00,-5238000000.00,-4486732000000.00,-1587666000000.00,28565428000000.00,62480000000.00,27040242000000.00,VIC,2026-02-10,VCI,52647000000.00
VIC,2024,2,4127427000000.00,5513696000000.00,1934051000000.00,1701101000000.00,0.00,-9482575000000.00,5622417000000.00,0.00,9416117000000.00,-27897359000000.00,-1465573000000.00,28599641000000.00,-1841446000000.00,-6353730000000.00,-1316281000000.00,,0.00,-858631000000.00,-4200691000000.00,1979228000000.00,-10494354000000.00,6480037000000.00,-8228998000000.00,15096754000000.00,3134788000000.00,3766764000000.00,6017058000000.00,0.00,36439108000000.00,-43336828000000.00,0.00,-933309000000.00,1974824000000.00,26653084000000.00,-62480000000.00,28565428000000.00,VIC,2026-02-10,VCI,-52647000000.00
VIC,2024,1,2493879000000.00,5129418000000.00,2044832000000.00,1461014000000.00,0.00,-18746143000000.00,4829728000000.00,0.00,-2787272000000.00,-7643941000000.00,-8117371000000.00,-1252127000000.00,-1172086000000.00,-4459331000000.00,-1024575000000.00,,0.00,-26456703000000.00,-16755198000000.00,1386000000.00,-3886771000000.00,4897667000000.00,-14204624000000.00,34987549000000.00,39773000000.00,5079782000000.00,9621948000000.00,0.00,35329504000000.00,-24304070000000.00,-600000000000.00,20047382000000.00,-1329539000000.00,27982623000000.00,0.00,26653084000000.00,VIC,2026-02-10,VCI,0.00
VIC,2023,4,1305848000000.00,4835484000000.00,3308155000000.00,110488000000.00,0.00,-4366535000000.00,5379584000000.00,0.00,10573024000000.00,-17534405000000.00,-14496120000000.00,27845571000000.00,80953000000.00,-3933120000000.00,-2068549000000.00,,0.00,1064986000000.00,-16735129000000.00,520095000000.00,-2989749000000.00,5312541000000.00,-10740911000000.00,15403236000000.00,13058000000.00,-9216859000000.00,1157400000000.00,0.00,47344895000000.00,-27881952000000.00,-60950000000.00,20559393000000.00,12407520000000.00,16882015000000.00,0.00,29289535000000.00,VIC,2026-02-10,VCI,0.00
VIC,2023,3,4475332000000.00,4656409000000.00,1600950000000.00,2508111000000.00,0.00,-389497000000.00,5504380000000.00,0.00,18355685000000.00,-13894893000000.00,144113000000.00,8321954000000.00,-519932000000.00,-3775766000000.00,-4014878000000.00,,0.00,4370538000000.00,-15067030000000.00,46964000000.00,-3508513000000.00,1720101000000.00,-13076978000000.00,10539154000000.00,255813000000.00,-19090489000000.00,8350800000000.00,0.00,22652997000000.00,-17905086000000.00,-85000000.00,13098626000000.00,-1621325000000.00,18445846000000.00,57494000000.00,16882015000000.00,VIC,2026-02-10,VCI,0.00
VIC,2023,2,3635529000000.00,4175850000000.00,170083000000.00,490907000000.00,0.00,-3744223000000.00,3194591000000.00,0.00,7922737000000.00,-8152114000000.00,8203276000000.00,-9414420000000.00,-281288000000.00,-3134227000000.00,-1204128000000.00,,0.00,-3859038000000.00,-12295347000000.00,210091000000.00,-4871240000000.00,4803102000000.00,-1682130000000.00,12428397000000.00,1022508000000.00,-384619000000.00,1142700000000.00,0.00,32222702000000.00,-28067989000000.00,0.00,5297413000000.00,1053756000000.00,17449584000000.00,-57494000000.00,18445846000000.00,VIC,2026-02-10,VCI,0.00
VIC,2023,1,4264287000000.00,3459939000000.00,2466539000000.00,-331473000000.00,0.00,-9160323000000.00,3331489000000.00,0.00,4030458000000.00,-7145722000000.00,-6830563000000.00,2254058000000.00,914271000000.00,-2972381000000.00,-42361000000.00,,0.00,-9992306000000.00,-14719985000000.00,22683000000.00,-1209790000000.00,1063763000000.00,-883522000000.00,6113352000000.00,10635000000.00,-9602864000000.00,101648000000.00,0.00,16491262000000.00,-5761458000000.00,0.00,10831452000000.00,-8763718000000.00,26213302000000.00,0.00,17449584000000.00,VIC,2026-02-10,VCI,0.00
VIC,2022,4,3954741000000.00,4142869000000.00,-586038000000.00,-1226364000000.00,0.00,-1703822000000.00,2953960000000.00,0.00,7535346000000.00,823425000000.00,-12032384000000.00,9510166000000.00,-1306956000000.00,-2804046000000.00,-345134000000.00,,0.00,-972531000000.00,-16381085000000.00,-144336000000.00,-1670869000000.00,7344632000000.00,-3201604000000.00,19183559000000.00,3764260000000.00,8894557000000.00,175605000000.00,0.00,18200682000000.00,-25880718000000.00,-657950000000.00,-8162381000000.00,-240355000000.00,26449568000000.00,0.00,26209213000000.00,VIC,2026-02-10,VCI,0.00
VIC,2022,3,5252320000000.00,6325887000000.00,-729185000000.00,1877679000000.00,0.00,-9759120000000.00,3036936000000.00,0.00,6004517000000.00,-16348926000000.00,-5425681000000.00,-343451000000.00,-821536000000.00,-2536112000000.00,207720000000.00,,0.00,-17403556000000.00,-24118982000000.00,163286000000.00,-362584000000.00,915226000000.00,-192237000000.00,10369195000000.00,420705000000.00,-12805391000000.00,36927000000.00,0.00,20047160000000.00,-5598269000000.00,-22506000000.00,14463312000000.00,-15745635000000.00,42208684000000.00,-13481000000.00,26449568000000.00,VIC,2026-02-10,VCI,0.00
VIC,2022,2,1558581000000.00,5504816000000.00,4856039000000.00,1013821000000.00,0.00,-14303469000000.00,2689078000000.00,0.00,1318866000000.00,-27434751000000.00,-33493973000000.00,87357150000000.00,-1590184000000.00,-3003190000000.00,-1369341000000.00,,0.00,20239190000000.00,-20594435000000.00,2651552000000.00,-3069995000000.00,2611101000000.00,-1250412000000.00,12632609000000.00,1867730000000.00,-5151850000000.00,6368000000.00,0.00,23381968000000.00,-8820852000000.00,-2701565000000.00,11865919000000.00,26953259000000.00,15241944000000.00,13481000000.00,42208684000000.00,VIC,2026-02-10,VCI,0.00
VIC,2022,1,1928153000000.00,5279610000000.00,78666000000.00,166757000000.00,0.00,-10625513000000.00,2372279000000.00,0.00,-800048000000.00,-4742121000000.00,1910033000000.00,2014421000000.00,-109778000000.00,-1617038000000.00,-3012261000000.00,,0.00,-1761823000000.00,-18425430000000.00,293184000000.00,-498665000000.00,491169000000.00,-6983409000000.00,12566489000000.00,1125430000000.00,-11431232000000.00,0.00,0.00,12641205000000.00,-2558442000000.00,0.00,10082763000000.00,-3110292000000.00,18352236000000.00,0.00,15241944000000.00,VIC,2026-02-10,VCI,0.00
VIC,2021,4,-6368911000000.00,4792571000000.00,-285910000000.00,382643000000.00,0.00,-3240793000000.00,2560860000000.00,0.00,-2159540000000.00,7611833000000.00,5116134000000.00,4567639000000.00,1144267000000.00,-1732948000000.00,-4638513000000.00,,0.00,9929534000000.00,-9388646000000.00,145331000000.00,-3082992000000.00,4014872000000.00,-4055567000000.00,2623598000000.00,88748000000.00,-9654656000000.00,4986167000000.00,-450000000.00,24205329000000.00,-30995856000000.00,-79300000000.00,-1884110000000.00,-1609232000000.00,21262502000000.00,0.00,19653270000000.00,VIC,2026-02-10,VCI,0.00
VIC,2021,3,3314566000000.00,3589692000000.00,-2206080000000.00,-697336000000.00,0.00,-881988000000.00,2686664000000.00,0.00,5805518000000.00,-9103127000000.00,-620914000000.00,-910387000000.00,678999000000.00,-2634833000000.00,-933149000000.00,,0.00,-9577220000000.00,-18954241000000.00,6872000000.00,1809904000000.00,2969321000000.00,-370013000000.00,20256912000000.00,102858000000.00,5821613000000.00,2832995000000.00,0.00,18684596000000.00,-18262881000000.00,-1541367000000.00,1713343000000.00,-2042264000000.00,23302535000000.00,2231000000.00,21262502000000.00,VIC,2026-02-10,VCI,0.00
VIC,2021,2,3614331000000.00,4093107000000.00,3564340000000.00,73244000000.00,0.00,-556002000000.00,2623808000000.00,0.00,13412828000000.00,-4722598000000.00,6079276000000.00,-9541489000000.00,794270000000.00,-2379239000000.00,-449991000000.00,,0.00,3717226000000.00,-5607518000000.00,50421000000.00,-8753078000000.00,2177203000000.00,-298212000000.00,399520000000.00,463781000000.00,-11567883000000.00,3531858000000.00,0.00,16707469000000.00,-12028652000000.00,-97540000000.00,8113135000000.00,262478000000.00,23042288000000.00,-2231000000.00,23302535000000.00,VIC,2026-02-10,VCI,0.00
VIC,2021,1,2785750000000.00,2931384000000.00,133562000000.00,-130009000000.00,0.00,-2563775000000.00,2705898000000.00,0.00,5862810000000.00,-5939640000000.00,-194300000000.00,-9749279000000.00,847081000000.00,-2420198000000.00,-4679520000000.00,,0.00,-12666060000000.00,-6987519000000.00,23464000000.00,-1749496000000.00,3351201000000.00,-60298000000.00,0.00,121982000000.00,-5300666000000.00,2542323000000.00,-3800000000.00,15849647000000.00,-6782844000000.00,0.00,11605326000000.00,-6361400000000.00,29403688000000.00,0.00,23042288000000.00,VIC,2026-02-10,VCI,0.00
VIC,2020,4,4231438000000.00,2835598000000.00,-861663000000.00,-585577000000.00,0.00,-8625741000000.00,2725497000000.00,0.00,-280448000000.00,8756037000000.00,12090839000000.00,-3595319000000.00,-793607000000.00,-3045877000000.00,-3181280000000.00,,0.00,11733503000000.00,-7776871000000.00,313874000000.00,-3273154000000.00,3650651000000.00,-5005784000000.00,7573273000000.00,154291000000.00,-4363720000000.00,6587260000000.00,0.00,6198277000000.00,-22268012000000.00,0.00,-9482475000000.00,-2112692000000.00,30288635000000.00,0.00,28175943000000.00,VIC,2026-02-10,VCI,0.00
VIC,2020,3,3608563000000.00,2832365000000.00,-870812000000.00,-170054000000.00,0.00,-4420283000000.00,3003737000000.00,0.00,3983516000000.00,-2428473000000.00,11719816000000.00,1710033000000.00,440510000000.00,-2038855000000.00,-3378140000000.00,,0.00,9191972000000.00,-7957434000000.00,11026000000.00,-3403257000000.00,938266000000.00,-8424096000000.00,12171501000000.00,91969000000.00,-6572025000000.00,385789000000.00,-42980000000.00,11146463000000.00,-10791220000000.00,0.00,698052000000.00,3317999000000.00,26969148000000.00,1488000000.00,30288635000000.00,VIC,2026-02-10,VCI,0.00
VIC,2020,2,2693614000000.00,1973937000000.00,1477219000000.00,-426937000000.00,0.00,-402611000000.00,2945477000000.00,0.00,8260699000000.00,-629276000000.00,37312000000.00,-705803000000.00,1007926000000.00,-3177884000000.00,-58451000000.00,,0.00,6811844000000.00,-396823000000.00,891861000000.00,-400002000000.00,1794936000000.00,-3830209000000.00,2547681000000.00,420627000000.00,1028071000000.00,975606000000.00,0.00,19390986000000.00,-12235829000000.00,37000000.00,8130800000000.00,15970715000000.00,10999921000000.00,-1488000000.00,26969148000000.00,VIC,2026-02-10,VCI,0.00
VIC,2020,1,3428345000000.00,2529983000000.00,69002000000.00,767608000000.00,0.00,-8024504000000.00,2745830000000.00,0.00,1516264000000.00,1038658000000.00,-3893448000000.00,-2963234000000.00,-1890038000000.00,-2140655000000.00,-2733668000000.00,,0.00,-10109121000000.00,-11290818000000.00,267938000000.00,-52165000000.00,5987979000000.00,-4721606000000.00,2772798000000.00,23261000000.00,-7012613000000.00,1026300000000.00,0.00,10257490000000.00,-1601878000000.00,-7225000000.00,9674687000000.00,-7447047000000.00,18446968000000.00,0.00,10999921000000.00,VIC,2026-02-10,VCI,0.00
VIC,2019,4,6254949000000.00,3120229000000.00,1414621000000.00,32528000000.00,0.00,-8525701000000.00,2141050000000.00,0.00,4437676000000.00,-9719431000000.00,-9552845000000.00,29385586000000.00,-3791422000000.00,-1561425000000.00,-1070640000000.00,,0.00,8127499000000.00,-16555014000000.00,-14266000000.00,-12537529000000.00,8764552000000.00,-18997281000000.00,8019491000000.00,182452000000.00,-31137595000000.00,3799000000.00,1000000.00,37069131000000.00,-12097614000000.00,-3272000000.00,24972045000000.00,1961949000000.00,16526657000000.00,0.00,18488606000000.00,VIC,2026-02-10,VCI,0.00
VIC,2019,3,2544142048161.00,2060985863151.00,-599743206070.00,-192863826881.00,0.00,-286448794656.00,2350503065375.00,0.00,5876575149080.00,3517945488943.00,-11092071730523.00,1358351955644.00,-1079658709311.00,-1665604125660.00,-2989924690903.00,,0.00,-6074386662730.00,-18195071300201.00,246451345163.00,-1417926652747.00,25242442395536.00,-24307095598990.00,16989222666311.00,213733843439.00,-1228243301489.00,782430917029.00,-3199343375711.00,10942594238336.00,-6980580757678.00,-1260942852414.00,284158169562.00,-7018471794657.00,23549297107100.00,-4168217869.00,16526657094574.00,VIC,2026-02-10,VCI,0.00
VIC,2019,2,4911825583422.00,2120346898774.00,1269396920822.00,164344127544.00,0.00,-709834713943.00,1592780061948.00,0.00,9348858878567.00,-6675546266229.00,4628173592410.00,-1025886213669.00,47466133440.00,-999628294974.00,-1365981131108.00,,0.00,3957456698437.00,-6600957788487.00,59466038346.00,-346967769388.00,2077438316156.00,-13061703241217.00,8377720392000.00,180921422573.00,-9314082630017.00,22755912477791.00,0.00,4336585779715.00,-4708174178795.00,-924459572978.00,21459864505733.00,16103238574153.00,7441890315078.00,4168217869.00,23549297107100.00,VIC,2026-02-10,VCI,0.00
VIC,2019,1,1928135465798.00,1476839234519.00,-332571028167.00,1374347097.00,0.00,-3271999196008.00,1433788425049.00,0.00,1235567248288.00,-698205318284.00,349541553040.00,9963205803568.00,73243760404.00,-1647275025172.00,-2666286052371.00,,0.00,6609791969473.00,-19084955978710.00,74887331967.00,-2004340021578.00,1968071470685.00,-10752130758389.00,6100012300123.00,46380494507.00,-23652075161395.00,614000000000.00,0.00,14550952584549.00,-4237834360130.00,0.00,10927118224419.00,-6115164967503.00,13557055282581.00,0.00,7441890315078.00,VIC,2026-02-10,VCI,0.00
VIC,2018,4,5437419299481.00,1315059586466.00,597121114649.00,-184552780968.00,0.00,-3826978845011.00,1248035108875.00,0.00,4586103483492.00,-4856806589328.00,-6797211883773.00,91026696869.00,909412946486.00,-1890981530285.00,-1733458105216.00,,0.00,-9691914981755.00,-9859184021281.00,351612062170.00,-3071014033045.00,2122397042937.00,-9410790880920.00,8504590950029.00,765492406207.00,-10596896473903.00,-47702626007.00,0.00,26304247464960.00,-7285832570946.00,-1065475900360.00,17905236367647.00,-2383575088011.00,15942086048859.00,0.00,13558510960848.00,VIC,2026-02-10,VCI,0.00
VIC,2018,3,2168146525042.00,1153209759453.00,-167138679631.00,218626793074.00,0.00,-2081280193522.00,1051647877342.00,0.00,2343212081758.00,-5315759742149.00,10186348130662.00,-379160439406.00,-1889473485218.00,-340816386518.00,-1841764837489.00,,0.00,2763175099534.00,-13067577931713.00,962491127379.00,-344810564449.00,1133118747742.00,-6721982821937.00,859290498857.00,24007043169.00,-17155463900952.00,10162962700000.00,0.00,10668268346077.00,-3801508741473.00,-71274966.00,17029651029638.00,2637362228220.00,13304249477986.00,474342653.00,15942086048859.00,VIC,2026-02-10,VCI,0.00
VIC,2018,2,3554299499031.00,1203395118424.00,-22178960037.00,109502760899.00,0.00,-159498372746.00,1043553207438.00,0.00,5729073253009.00,905220645387.00,-5248907199460.00,-3226750864846.00,243620611235.00,-1532117213446.00,-1664017419802.00,,0.00,-4781604085817.00,-8657656050041.00,300155683288.00,-6468015649490.00,4112370954241.00,-7077206817702.00,16596405395247.00,575568705772.00,-618377778685.00,12250000000000.00,0.00,17338745865854.00,-18437609403122.00,5921750665.00,11157058213397.00,5757076348895.00,7547647471744.00,-474342653.00,13304249477986.00,VIC,2026-02-10,VCI,0.00
VIC,2018,1,2654151989202.00,1111554360102.00,-215367430248.00,50631655563.00,0.00,-504053338511.00,994221722021.00,0.00,4091138958129.00,1818904268021.00,8478800410488.00,-8066766337105.00,485888822057.00,-465035425025.00,-1147051104343.00,,0.00,5195879592222.00,-10869573289632.00,277996704099.00,-10552839534172.00,12882293605020.00,-22310939323345.00,1036600493029.00,457765527818.00,-29078695817183.00,2536000000000.00,0.00,26920973049994.00,-6005062630310.00,-163196750665.00,23288713669019.00,-594102555942.00,8141750027686.00,0.00,7547647471744.00,VIC,2026-02-10,VCI,0.00
VIC,2017,4,3987668639704.00,880562766653.00,100325873122.00,41090488935.00,0.00,-64805387718.00,847320858643.00,0.00,5792163239339.00,-480321138742.00,7190403005483.00,5403746583702.00,-1094017531330.00,-1409874337953.00,-1072673619763.00,,0.00,14329426200736.00,-9393947796065.00,5069491887.00,-3291698625417.00,2069058883298.00,-2789178897980.00,166262450000.00,167083190195.00,-13067351304082.00,-4000000000.00,0.00,11804072950093.00,-11332737090419.00,-66060036930.00,401275822744.00,1663350719398.00,6947208189094.00,-54970647.00,8610503937845.00,VIC,2026-02-10,VCI,0.00
VIC,2017,3,1785937233839.00,982182739996.00,9635615515.00,-27546752025.00,0.00,-479055089949.00,1155436599915.00,0.00,3426590347291.00,-3543390868410.00,-141845776190.00,2018396599886.00,-553492063977.00,-930178050202.00,-943290361245.00,,0.00,-667210172847.00,-4004275064803.00,5218033083.00,-2641695613943.00,500266924603.00,-4614980000000.00,5833118613168.00,91167023008.00,-4831180084884.00,11000000000.00,0.00,6175771235916.00,-2119026244618.00,-1153471214345.00,2914273776953.00,-2584116480778.00,9531328169866.00,-3499994.00,6947208189094.00,VIC,2026-02-10,VCI,0.00
VIC,2017,2,1897786358719.00,898147167525.00,175981378084.00,33812407350.00,0.00,-139342617702.00,138305600515.00,0.00,3004690294491.00,-2669779524198.00,4663514691047.00,6132645043196.00,-184464786520.00,-1050977526855.00,-641322674278.00,,0.00,9254305516883.00,-6307119270049.00,20199790290.00,-5213126443453.00,1332116830986.00,-5567648930436.00,2437536295968.00,698384471106.00,-12599657255588.00,6000000000.00,0.00,4104974563429.00,-4858185346450.00,-75905993040.00,-823116776061.00,-4168468514766.00,13699824350754.00,-27666122.00,9531328169866.00,VIC,2026-02-10,VCI,0.00
VIC,2017,1,1243812548052.00,1102708244919.00,-160195689942.00,2325386973.00,0.00,-364333131599.00,1506030862516.00,0.00,3330348220919.00,135207154355.00,-6828186072723.00,5326540792590.00,-1142979403353.00,-708559542220.00,-1300004095616.00,,0.00,-1187632946048.00,-2345122815240.00,70271667384.00,-1473270000000.00,1030155177580.00,-986330100719.00,4062154222580.00,50528604193.00,408386755778.00,0.00,0.00,6047631203179.00,-1092779919495.00,-309112962061.00,4645738321623.00,3866492131353.00,9833332219401.00,0.00,13699824350754.00,VIC,2026-02-10,VCI,0.00
VIC,2016,4,1577921982380.00,883938486252.00,-144944932708.00,132119153082.00,0.00,-2403058698869.00,2073876427393.00,0.00,2119852417530.00,6488896319549.00,3857206222719.00,-10729708440083.00,733174185902.00,-839388022460.00,-945840231775.00,,0.00,684192451382.00,-3430370881818.00,147908648269.00,-618606463381.00,13890481797794.00,-3279509649452.00,6870440846695.00,264008595833.00,13844352893940.00,260186395000.00,0.00,4151162882298.00,-18283002292610.00,-339000000000.00,-14210653015312.00,317892330010.00,9653393353822.00,-1.00,9971285683831.00,VIC,2026-02-10,VCI,0.00
VIC,2016,3,532982351077.00,782917288389.00,747257462.00,19562572677.00,0.00,-332660657540.00,744803249120.00,0.00,1748352061185.00,-1034351311249.00,-3615732498359.00,8649779252706.00,-1269887021153.00,-457948757785.00,-200235925060.00,,0.00,3819975800285.00,-1403709848584.00,11439350480.00,-1656562372494.00,2563471630501.00,-11247370619866.00,6946079251742.00,59189483215.00,-4727463125006.00,87000000000.00,0.00,6973365038820.00,-815010878435.00,-560060250000.00,5685293910385.00,4777806585664.00,4871883290078.00,3703478080.00,9653393353822.00,VIC,2026-02-10,VCI,0.00
VIC,2016,2,1858691485347.00,813603378671.00,80027251686.00,4720853891.00,0.00,-2531218441463.00,760226463556.00,0.00,986050991688.00,1183626950839.00,-5701617072440.00,6508197137020.00,-1550274976959.00,-1072016109702.00,-241953999352.00,,0.00,742012921094.00,-4972546944136.00,-26425751877.00,673190686879.00,4733693278382.00,-6481248356013.00,6972436663385.00,226031360374.00,1125130936994.00,510000000000.00,0.00,1162405088317.00,-3353679181096.00,5412942681.00,-1675861150098.00,191282707990.00,4680600576496.00,5592.00,4871883290078.00,VIC,2026-02-10,VCI,0.00
VIC,2016,1,2165229890110.00,812492051421.00,118868034923.00,-221333837394.00,0.00,-312040176942.00,775611570785.00,0.00,3338827532903.00,-1812503967582.00,2460396885765.00,-1868896507903.00,34885049801.00,-718839851560.00,-790603443515.00,,0.00,13265697909.00,-2441536382427.00,32586993667.00,-1461875500000.00,1924294290534.00,-4939783622678.00,772479216533.00,312020084279.00,-5801814920092.00,446280000000.00,0.00,5946539076154.00,-2657934025527.00,-205412942681.00,3529472107946.00,-2259077114237.00,6938465104490.00,1212586243.00,4680600576496.00,VIC,2026-02-10,VCI,0.00
VIC,2015,4,962417405016.00,199229536173.00,45833903484.00,-303531594778.00,0.00,-458781678888.00,1009351043486.00,0.00,1667258018084.00,1956768337368.00,-3847311896858.00,12050277476908.00,161044160341.00,-1080186369391.00,-341278668552.00,,0.00,10678893752900.00,-2611559598630.00,12222650949.00,-12818826328901.00,5092573916156.00,-9483462060034.00,1195784773115.00,404195831123.00,-18209070816222.00,5077944797536.00,0.00,10437974264457.00,-9874249565297.00,-370874899293.00,5270794597403.00,-2259382465919.00,9895961264635.00,-5.00,7636578798711.00,VIC,2026-02-10,VCI,0.00
VIC,2015,3,560791186361.00,331590672713.00,60869024113.00,292905340513.00,0.00,-536419052137.00,366229653748.00,0.00,1279705978216.00,-2951345908641.00,-2031223356065.00,17469143390139.00,-1364624280708.00,-1476488131296.00,-217929710876.00,,0.00,10707237980769.00,-4432785968629.00,10658943172.00,-1063595498578.00,1872039674758.00,-6998141342655.00,1793438230790.00,434421168933.00,-8383964792209.00,413439380000.00,0.00,1308096733008.00,-2591885980108.00,-387070500007.00,-1257420367107.00,1065852821453.00,8828151979168.00,1956464014.00,9895961264635.00,VIC,2026-02-10,VCI,0.00
VIC,2015,2,571908425390.00,313493652260.00,-22194926617.00,136562990814.00,0.00,138722836490.00,722915239607.00,0.00,2060145490676.00,-1015816549318.00,-3083238228496.00,10669334461345.00,-527179026983.00,-1141107878966.00,-329163613905.00,,0.00,6632974654353.00,-4550124660768.00,-934216847872.00,-1712194136798.00,788303307730.00,-1019187078346.00,649361823857.00,119857500381.00,-6658200091816.00,2178367470000.00,0.00,-1921873984406.00,3384018960505.00,-188349650000.00,3452162796099.00,3426937358636.00,5399732443220.00,1482177312.00,8828151979168.00,VIC,2026-02-10,VCI,0.00
VIC,2015,1,691741964338.00,478538875653.00,40270616091.00,111996370297.00,0.00,-1084483571666.00,500916605562.00,0.00,738980860275.00,-1538630459715.00,815333919762.00,2249367105865.00,80120764273.00,-427166318476.00,-542745815578.00,,0.00,1375260056406.00,-3786645935174.00,943733067770.00,-2368032863202.00,1473417477354.00,-3564381553342.00,160500000000.00,194256709850.00,-6947153096744.00,147500000000.00,0.00,12829749622395.00,-9612449337210.00,0.00,3364800285185.00,-2207092755153.00,7607513719673.00,-688521300.00,5399732443220.00,VIC,2026-02-10,VCI,0.00
VIC,2014,4,619779847301.00,282585686320.00,86040878251.00,70370167483.00,-275264621648.00,-7162775429.00,658020772075.00,-289862911668.00,1347730900123.00,1428985333666.00,989499717460.00,6875972922661.00,-729527327912.00,-1047010429391.00,-142539972193.00,,-193721629.00,8722917422785.00,-5687188735654.00,1204942613018.00,-1204282500000.00,1740425572990.00,3718851751359.00,649324180798.00,102919203248.00,524992085759.00,20557362660781.00,-8217500301059.00,-12588680867699.00,-3553844738291.00,-3046737892694.00,-6849401138962.00,2398508369582.00,5209108954978.00,-103604887.00,7607513719673.00,VIC,2026-02-10,VCI,0.00
VIC,2014,3,1596287954183.00,218258258003.00,13958328969.00,-63090962560.00,-2253217965.00,535554769898.00,800791201699.00,-852242418509.00,2398432326778.00,-128599307813.00,2805582118369.00,-3879165302463.00,-80106788710.00,-568459757060.00,-446095705553.00,,-2607773005.00,98979810543.00,-722533177339.00,17599911872.00,1408076105947.00,-109377183446.00,-2875530511949.00,277283819202.00,-847545472562.00,-2852026508275.00,-522923188753.00,0.00,4976414355909.00,-4015255773396.00,802812415711.00,1241047809471.00,-1511998888261.00,6721056604833.00,51238406.00,5209108954978.00,VIC,2026-02-10,VCI,0.00
VIC,2014,2,1663305003499.00,225387906892.00,-3512823482.00,145876615883.00,-813889074.00,-367338680412.00,740281320731.00,247395183035.00,2809141307334.00,-1563707044519.00,3818331449668.00,-361212733335.00,69825177763.00,-1039255393957.00,-945949566568.00,,2183154424.00,2789356350810.00,-5886721892925.00,-8929720983.00,-668204000000.00,406356988736.00,-3588060708758.00,526411751675.00,368933529149.00,-8850214053106.00,2002523188753.00,0.00,3112266511790.00,-344476929987.00,-122550548122.00,4647762222434.00,-1413095479862.00,8134099718214.00,52366481.00,6721056604833.00,VIC,2026-02-10,VCI,0.00
VIC,2014,1,1547409388801.00,209444167280.00,-900284836.00,365437484.00,813889074.00,-1370169915.00,512176370469.00,-247395183035.00,2155500219699.00,100853300920.00,2199578098479.00,-3461620585969.00,85928790799.00,-536551214549.00,-383989573096.00,,-2467260256.00,157231776027.00,-807463037314.00,15776994459.00,-779828105947.00,33415796871.00,-2452096961409.00,1066500000000.00,61559782105.00,-2862135531235.00,0.00,0.00,4500000000000.00,-1195045229873.00,0.00,3304954770127.00,600051014919.00,7534048703295.00,0.00,8134099718214.00,VIC,2026-02-10,VCI,0.00
VIC,2013,4,1381291123289.00,232876721111.00,19156433709.00,-24509538919.00,124742976.00,-135173804352.00,479260507915.00,-269444534637.00,1683581651092.00,-539039026661.00,818053301377.00,3413929055333.00,219958395611.00,-207132369187.00,-207079432896.00,,39306162.00,5182310880831.00,-4074274346092.00,12546150761.00,-2343886674378.00,-798703519230.00,-5126650035845.00,543900000000.00,83140436814.00,-11703927987970.00,565098810000.00,-4743044083.00,9813678856826.00,-2546897645929.00,-41263999997.00,7785872976817.00,1264255869678.00,6269792833617.00,0.00,7534048703295.00,VIC,2026-02-10,VCI,0.00
VIC,2013,3,2821804892483.00,605870327922.00,14911133797.00,4515776713.00,1460440784.00,-279483200172.00,226454191041.00,-216225121554.00,3179308441014.00,1526374911958.00,3734984209409.00,-210557238846.00,-103723502531.00,-196479887484.00,-1182564369603.00,,-630119690.00,6746712444227.00,-2191290208310.00,14587143751.00,-1752580691000.00,1683004172709.00,-1368445579029.00,192699910908.00,108165895140.00,-3313859355831.00,2829600000000.00,-2949235240000.00,2407619196600.00,-1589994366930.00,-247587000000.00,450402589670.00,3883255678066.00,2386537155551.00,0.00,6269792833617.00,VIC,2026-02-10,VCI,0.00
VIC,2013,2,5084168929423.00,-11835902503.00,21412321075.00,71021792652.00,-2590295943.00,-4688974580996.00,375442152711.00,-126157633137.00,722486783282.00,670140504739.00,19660848008.00,189371940108.00,26665182484.00,-1106385215933.00,-175037095026.00,,-17499999.00,346885447663.00,-3725456053171.00,11825544326.00,-3449040400000.00,1368151209176.00,-725071444106.00,8501823681183.00,163755267347.00,2145987804755.00,0.00,0.00,1961364803400.00,-6242879402029.00,0.00,-4281514598629.00,-1788641346211.00,4175172391881.00,6109881.00,2386537155551.00,VIC,2026-02-10,VCI,0.00
VIC,2013,1,433152823534.00,282562455694.00,-2136069208.00,39817024647.00,-922016610.00,-588553825023.00,425621975262.00,-139182424207.00,450359944089.00,-13805767476.00,-1837265179822.00,414684151665.00,49838248542.00,-450789720648.00,-238938939318.00,,-36386379.00,-1625953649347.00,-645535576895.00,1226755258.00,-811280000000.00,3068290195927.00,0.00,1219600000000.00,52545069891.00,2884846444181.00,0.00,0.00,2025274684654.00,-725850262542.00,0.00,1299424422112.00,2558317216946.00,1616855174935.00,0.00,4175172391881.00,VIC,2026-02-10,VCI,0.00
VIC,2008,2,0.00,0.00,0.00,0.00,0.00,0.00,0.00,0.00,0.00,0.00,0.00,0.00,0.00,0.00,0.00,,0.00,0.00,0.00,0.00,0.00,0.00,0.00,0.00,0.00,0.00,0.00,0.00,0.00,0.00,0.00,0.00,0.00,0.00,0.00,0.00,VIC,2026-02-10,VCI,0.00
HPG,2025,4,4600129962763.00,2880256335134.00,-12074483403.00,-35220362754.00,,-281984281948.00,1236524775157.00,0.00,8387631944949.00,-1403497211436.00,-7583748082136.00,10350627399383.00,-1244717670095.00,-1141038329401.00,-282306399420.00,0.00,-190617586065.00,6892334065779.00,-1887091347750.00,18257186795.00,-9695300000000.00,6932197909676.00,283000000000.00,1155000000000.00,228988019229.00,-2964948232050.00,79502500000.00,-118003000000.00,36975131444340.00,-41639269223267.00,-15745683917.00,-4718383962844.00,-790998129115.00,9092562739415.00,-674306095.00,8300890304205.00,HPG,2026-02-10,VCI,0.00
HPG,2025,3,4628313172434.00,2169156032825.00,10882237428.00,-56814712069.00,,-454485515064.00,812194101705.00,0.00,7109245317259.00,-167609437136.00,3191714046698.00,-812631275870.00,-253644124207.00,-667863337041.00,-36294935712.00,0.00,-68517258315.00,8294398995676.00,-13174576334243.00,3219518312.00,-5995439000000.00,4707217381781.00,-70900000000.00,209046191384.00,383190902192.00,-13938241340574.00,1260500000000.00,-40275000000.00,37526149069159.00,-34691683779555.00,-7647585893.00,4047042703711.00,-1596799641187.00,10688024277258.00,1338103344.00,9092562739415.00,HPG,2026-02-10,VCI,0.00
HPG,2025,2,4972383493663.00,1617247528510.00,-59927342891.00,309920317236.00,,-305813548010.00,439112631420.00,0.00,6972923079928.00,-1835418390802.00,-2468299455608.00,1394149750385.00,-230901936807.00,-473975259473.00,-5880614099.00,0.00,-67494643569.00,3285102529955.00,-4519331143893.00,27600517030.00,-9102740296773.00,7723722972602.00,0.00,15000000000.00,315786623119.00,-5539961327915.00,525100000000.00,-52020000.00,37133314442108.00,-32170574605521.00,-3574672793.00,5484213143794.00,3229354345834.00,7459035818129.00,-365886705.00,10688024277258.00,HPG,2026-02-10,VCI,0.00
HPG,2025,1,3839765349020.00,1801603135468.00,11289113084.00,132616469869.00,,-244726801802.00,627024360692.00,0.00,6167571626331.00,-4134982417163.00,-384608710947.00,-1984736525485.00,48974724977.00,-599757525250.00,-1670270526989.00,0.00,-220131091954.00,-2777940446480.00,-6168853176586.00,8330267880.00,-5526332899179.00,8422939517832.00,0.00,226687184000.00,308719460282.00,-2728509645771.00,100000000.00,0.00,42070537735752.00,-35992323059515.00,-22127134.00,6078292549103.00,571842456852.00,6887646139852.00,-452778575.00,7459035818129.00,HPG,2026-02-10,VCI,0.00
HPG,2024,4,3286676100696.00,1693028331093.00,-61035121811.00,227751228845.00,,-765370789609.00,562492663846.00,0.00,4955838305029.00,971968926351.00,-6209983876378.00,4023222874211.00,129299221688.00,-529644932828.00,-51647870077.00,447272727.00,-194420019511.00,3095079901212.00,-7257089099480.00,443699573180.00,-6360476824332.00,3871936250811.00,0.00,31246619001.00,187519990129.00,-9083163490691.00,103000000000.00,-17140000.00,42414841815225.00,-38146312226161.00,-2343960741.00,4369168488323.00,-1618915101156.00,8500998079280.00,5563161728.00,6887646139852.00,HPG,2026-02-10,VCI,0.00
HPG,2024,3,3412385133844.00,1771185761423.00,-3156807492.00,-206784225956.00,,103011663888.00,525114798901.00,0.00,5595706353956.00,377494427161.00,-3510769453171.00,-1584866701776.00,46606159449.00,-567728987154.00,-12405917246.00,0.00,-79428476117.00,264607405102.00,-9401555834547.00,-332578559029.00,-6770711616439.00,5612320000000.00,0.00,0.00,305754643259.00,-10586771366756.00,90136000000.00,0.00,45987162684520.00,-40276725834290.00,-1606676054.00,5798966174176.00,-4523197787478.00,13032037853283.00,-7841986525.00,8500998079280.00,HPG,2026-02-10,VCI,0.00
HPG,2024,2,3733225669765.00,1729640974153.00,162022519725.00,-30290605919.00,,406339912654.00,564134360513.00,0.00,6571122801543.00,-618194847084.00,811031696508.00,-3565852264665.00,46814900835.00,-613526452453.00,-23605606592.00,0.00,-107787269936.00,2500002958156.00,-4038554034033.00,2758324845.00,-6908419972602.00,13728665397260.00,0.00,0.00,-278698869753.00,2505750845717.00,0.00,-2420000.00,41954146315610.00,-46356254460746.00,-1658737650.00,-4403769302786.00,601984501087.00,12428888036237.00,1165315959.00,13032037853283.00,HPG,2026-02-10,VCI,0.00
HPG,2024,1,3261215356873.00,1721816264528.00,10669816792.00,182794183008.00,,-1462291190778.00,635618987620.00,0.00,4349823418043.00,-2549940352860.00,-1850079271655.00,3121851473748.00,-450426491575.00,-621521923912.00,-849105119441.00,0.00,-401971341603.00,748630390745.00,-14797827829267.00,1139714227578.00,-8465849467273.00,8374734396151.00,0.00,0.00,1125274432093.00,-12623954240718.00,40000000000.00,-100000000.00,44109437021720.00,-32099643158043.00,638363554.00,12050332227231.00,175008377258.00,12252001160884.00,1878498095.00,12428888036237.00,HPG,2026-02-10,VCI,0.00
HPG,2023,4,3384568877748.00,1741097551767.00,-149104888269.00,-150012871876.00,,33606206324.00,710943681004.00,0.00,5571098556698.00,-2360010541026.00,-897339146679.00,4060504082997.00,-14640876626.00,-734328822276.00,-116083513736.00,0.00,-98926312478.00,5410273426874.00,-7374116374071.00,151206936404.00,-12287268028348.00,9589411407600.00,0.00,-526054585230.00,72907729152.00,-10373912914493.00,200000000.00,-70560000.00,37040198581692.00,-29499317057488.00,-7623503418.00,7533387460786.00,2569747973167.00,9696669423876.00,983763841.00,12267401160884.00,HPG,2026-02-10,VCI,0.00
HPG,2023,3,2174230121892.00,1721774737926.00,15972161435.00,327203956815.00,,700000000.00,855978191830.00,0.00,5089809199246.00,1302169808975.00,-1539457455806.00,-3179803871108.00,2482635158.00,-894619601392.00,-27416666170.00,0.00,-120152763848.00,633011285055.00,-4360794062575.00,43509632440.00,-7534337000000.00,10386022792583.00,0.00,0.00,188313343369.00,-1277285294183.00,0.00,-523080000.00,30104574327511.00,-33016730316247.00,-13172335.00,-2912692241071.00,-3556966250199.00,13252855086239.00,780587836.00,9696669423876.00,HPG,2026-02-10,VCI,0.00
HPG,2023,2,1701886953766.00,1662354940325.00,-19798182146.00,186695827590.00,,807566211073.00,1028566971432.00,0.00,5373322692692.00,-732945984778.00,2333570335010.00,-1147183496853.00,-180499266765.00,-1022641263764.00,-9619675838.00,0.00,-82665294478.00,4531338045226.00,-2799215791708.00,-72804191977.00,-8820154397260.00,13396144607939.00,0.00,0.00,-681536002504.00,1022434224490.00,0.00,-1750000000.00,30250075237636.00,-30416146549804.00,-309845372.00,-168131157540.00,5385641112176.00,7868451566326.00,-1237592263.00,13252855086239.00,HPG,2026-02-10,VCI,0.00
HPG,2023,1,532042789767.00,1648185800262.00,-941109168744.00,-70212986899.00,,-1917697628031.00,989588839615.00,0.00,240797645970.00,-3812875642667.00,1129379609411.00,2852581088093.00,118008526448.00,-1008860534438.00,-406872658989.00,0.00,-215138161878.00,-1102980128050.00,-2818742500442.00,85782979543.00,-11146363396151.00,9915617722611.00,0.00,0.00,1791187123736.00,-2172518070703.00,500000000.00,0.00,29747246722377.00,-26927061343325.00,-67273509.00,2820618105543.00,-454880093210.00,8324588920227.00,-1257260691.00,7868451566326.00,HPG,2026-02-10,VCI,0.00
HPG,2022,4,-2078547921756.00,1722687479263.00,341386215259.00,-1153484051152.00,,-433785906879.00,932651987764.00,0.00,-669092197501.00,2263542077184.00,9068509515894.00,-3825851459148.00,-57006802391.00,-932734695711.00,-387867697352.00,0.00,-19904558293.00,5439594182682.00,-3787933631685.00,2310679826.00,-7221150335894.00,8592702929212.00,-371644175956.00,0.00,428988486177.00,-2356726048320.00,2250000000.00,0.00,20090198575763.00,-26729017842245.00,6867415088.00,-6629701851394.00,-3546833717032.00,11881408346665.00,-9985709406.00,8324588920227.00,HPG,2026-02-10,VCI,0.00
HPG,2022,3,-1299955296196.00,1736975580676.00,137493426199.00,546820352732.00,,-483634913465.00,836700531276.00,0.00,1471405681222.00,3761408428487.00,14893476334949.00,-15025441161545.00,259795335259.00,-797610374903.00,-299804203.00,0.00,-105134288761.00,4457600150505.00,-4411237849191.00,693243676.00,-18170530825728.00,16474113153471.00,0.00,0.00,507616445745.00,-5599345832027.00,0.00,0.00,30844142246599.00,-35929148438674.00,-2241486887074.00,-7326493079149.00,-8468238760671.00,20325198022112.00,24449085224.00,11881408346665.00,HPG,2026-02-10,VCI,0.00
HPG,2022,2,4379340489328.00,1677130524495.00,593032893735.00,643248114558.00,,47163693950.00,717352725484.00,0.00,8060262441550.00,-1966756554929.00,-18097014411925.00,7164279474800.00,-126209000614.00,-713566675256.00,-274728798738.00,0.00,-138671731563.00,-6092405256675.00,-3740134869390.00,6530260130.00,-10795594944261.00,12607471335560.00,0.00,0.00,-142312810971.00,-2064041028932.00,1300000000.00,0.00,49521669195301.00,-40072417413636.00,-3265243694.00,9447286537971.00,1290840252364.00,19060014590301.00,-25656820553.00,20325198022112.00,HPG,2026-02-10,VCI,0.00
HPG,2022,1,8922103855907.00,1677611364569.00,-59950204308.00,150783920541.00,,-951283456248.00,596932887294.00,0.00,10336198367755.00,665168430681.00,2157183286223.00,-2993606607312.00,-95129210608.00,-590981613068.00,-578723718398.00,0.00,-513100948690.00,8387007986583.00,-6026975731178.00,4117528200.00,-19318517776498.00,9738241951928.00,0.00,0.00,911474085424.00,-14691659942124.00,525000000.00,0.00,34800675129353.00,-31899973544079.00,-9489245406.00,2891737339868.00,-3412914615673.00,22471375562130.00,1553643844.00,19060014590301.00,HPG,2026-02-10,VCI,0.00
HPG,2021,4,8038356261876.00,1566782572400.00,187032358552.00,258423817835.00,,-5441110827.00,629506996556.00,0.00,10674660896392.00,3442217701358.00,3613321745493.00,-386836884300.00,-355772858060.00,-643452188645.00,-1964575046074.00,0.00,-208158469367.00,14171404896797.00,-4326244042568.00,33337740164.00,-9540866742500.00,12763595869520.00,0.00,0.00,29174461735.00,-1041002713649.00,1300000000.00,0.00,32283420282683.00,-36295469189503.00,-24515647431.00,-4035264554251.00,9095137628897.00,13376486099355.00,-248166122.00,22471375562130.00,HPG,2026-02-10,VCI,0.00
HPG,2021,3,10978756069697.00,1557450246725.00,1233182111.00,-209979223465.00,,-310183817801.00,675107905208.00,0.00,12689390362475.00,-4673747018000.00,-6269003879894.00,-959546992745.00,-88497371785.00,-676491835696.00,-136626961921.00,0.00,-47611113527.00,-162134811093.00,-2394064632437.00,22467916217.00,-12798301968208.00,8560809135918.00,0.00,0.00,309959249655.00,-6299130298855.00,6200000000.00,0.00,33643984837211.00,-28439823546968.00,-1550442909.00,5208810847334.00,-1252454262614.00,14644183731657.00,-15243369688.00,13376486099355.00,HPG,2026-02-10,VCI,0.00
HPG,2021,2,10349452188126.00,1507505865787.00,-33730842823.00,-4008223308.00,,-312132259952.00,599661392906.00,0.00,12109742120736.00,1556222812501.00,-12331373344340.00,11316582903533.00,16860686697.00,-625991809706.00,-138010433465.00,0.00,-40495890692.00,11863537045264.00,-3996355629739.00,7970290465.00,-10950565099870.00,4718629665828.00,0.00,0.00,198577255944.00,-10021743517372.00,0.00,0.00,28538845159800.00,-28079986938828.00,-1670953710220.00,-1212095489248.00,629698038644.00,14018629193714.00,-4143500701.00,14644183731657.00,HPG,2026-02-10,VCI,0.00
HPG,2021,1,7690213194491.00,1454908359540.00,28321364644.00,-2552250936.00,,-722585925436.00,621546963567.00,0.00,9069851705870.00,-3364015325784.00,-1849087719759.00,-758802388718.00,-52531887685.00,-638893494939.00,-494678519443.00,0.00,-318492238077.00,1593350131465.00,-1399236188679.00,1780127545.00,-7952254523391.00,5213877851025.00,0.00,827030264967.00,266641688553.00,-3042160779980.00,3130000000.00,0.00,30267142223530.00,-28495551029999.00,-6724946432.00,1767996247099.00,319185598584.00,13696099298228.00,3344296902.00,14018629193714.00,HPG,2026-02-10,VCI,0.00
HPG,2020,4,5330249297734.00,1386472041189.00,-9703574796.00,-9996456364.00,,-202814191600.00,662031175138.00,0.00,7156238291301.00,-635727619676.00,-5473842806342.00,771033329096.00,-138333751178.00,-633221134958.00,-972954380399.00,0.00,-21735058073.00,51456869771.00,-1546069161409.00,8456445735.00,-2910381996977.00,2710758549569.00,0.00,0.00,158312624548.00,-1578923538534.00,300000000.00,0.00,24246371804094.00,-15335976761188.00,-13435338013.00,8897259704893.00,7369793036130.00,5628548667015.00,2660069381.00,13001001772526.00,HPG,2026-02-10,VCI,0.00
HPG,2020,3,4271871636028.00,1181347918547.00,4036719741.00,42845968449.00,,-141011034467.00,540809441828.00,0.00,5899900650126.00,-1913396601976.00,131486017669.00,-374458836488.00,43273301700.00,-519408535848.00,-267654874402.00,0.00,-24046981942.00,2975694138839.00,-1898885081877.00,1163951886.00,-5112617752800.00,906347252521.00,0.00,0.00,75285548504.00,-6028706081766.00,2400000000.00,0.00,22818192138710.00,-20236380816626.00,-1393099337621.00,1191111984463.00,-1861899958464.00,7489589626409.00,858999070.00,5628548667015.00,HPG,2026-02-10,VCI,0.00
HPG,2020,2,3095721382125.00,1138885194120.00,11589787924.00,-261050273579.00,,-122088274050.00,523373576010.00,0.00,4386431392550.00,628008567582.00,-1771718379224.00,2552135727517.00,42648469309.00,-503553127663.00,-41323528646.00,0.00,-30378102797.00,5262251018628.00,-2477672697519.00,10231022111.00,-3591249113354.00,568606107101.00,0.00,0.00,89468929321.00,-5400615752340.00,0.00,0.00,17636534390058.00,-16160430801645.00,-7966027040.00,1468137561373.00,1329772827661.00,6157827189416.00,1989609332.00,7489589626409.00,HPG,2026-02-10,VCI,0.00
HPG,2020,1,2657091220016.00,1091959044244.00,22391252573.00,281070672466.00,,-61696545888.00,481082874292.00,0.00,4471898517703.00,-1577050200596.00,53050182496.00,-1211555601127.00,37163563730.00,-374789631415.00,-432145153255.00,0.00,-252203233893.00,714368443643.00,-3447607366037.00,15967887769.00,-1034707105440.00,800412234367.00,0.00,0.00,69433321558.00,-3596501027783.00,0.00,0.00,16924270152854.00,-12424802707315.00,-4973046084.00,4494494399455.00,1612361815315.00,4544900252204.00,565121897.00,6157827189416.00,HPG,2026-02-10,VCI,0.00
HPG,2019,4,2284996658014.00,803343483855.00,15279555359.00,-6186878093.00,,-123838477791.00,270226645026.00,0.00,3243820986370.00,621007249018.00,-220137009622.00,4152758736704.00,-130439228509.00,-261917773785.00,-596124160298.00,0.00,-37393880602.00,6771574919276.00,-5325523796833.00,10683051824.00,-618298027730.00,1078468665087.00,0.00,0.00,123467379365.00,-4731202728287.00,85000000.00,0.00,18859904271596.00,-20308458019905.00,-246706983.00,-1448715455292.00,591656735697.00,3972943652210.00,301924952.00,4564902312859.00,HPG,2026-02-10,VCI,0.00
HPG,2019,3,2160914730482.00,651891904577.00,2445513914.00,-18928373518.00,,-161697586815.00,265895204863.00,0.00,2886996817143.00,-384010257320.00,-3602598105490.00,-1279510864698.00,43941232508.00,-274014274502.00,-332083426225.00,0.00,-54478176261.00,-2995757054845.00,-3759383204475.00,-11480931285.00,215263176450.00,529241329543.00,0.00,0.00,192755999128.00,-2833603630639.00,0.00,0.00,17893141507485.00,-13985922428353.00,-5335419426.00,3901883659706.00,-1927477025778.00,5900076071570.00,344606418.00,3972943652210.00,HPG,2026-02-10,VCI,0.00
HPG,2019,2,2479812592590.00,599784384579.00,2877014108.00,48465776731.00,,-101892899907.00,215389146860.00,0.00,3257960591321.00,777004519794.00,-3506410691355.00,2417455437347.00,10345284222.00,-188205446868.00,-247709261364.00,0.00,-76124456748.00,2444315976349.00,-7200900927887.00,20810046202.00,-1234317332787.00,1902221835548.00,0.00,0.00,94125240260.00,-6418061138664.00,0.00,0.00,12947565846637.00,-9177531346113.00,-6818491460.00,3763216009064.00,-210529153251.00,6110879210952.00,-273986131.00,5900076071570.00,HPG,2026-02-10,VCI,0.00
HPG,2019,1,2170940228673.00,583138700857.00,-26374697757.00,-14499415586.00,,-33470504380.00,185199221610.00,0.00,2864933533417.00,-1145022952518.00,2196908631444.00,-1160255462159.00,66109848557.00,-143138746017.00,-374604421127.00,0.00,-171033086219.00,2133897345378.00,-5336201548793.00,2364808068.00,-2810200888442.00,3322292650156.00,0.00,0.00,106399394935.00,-4715345584076.00,0.00,0.00,19848673018339.00,-13671770034245.00,-217727679.00,6176685256415.00,3595237017717.00,2515617135457.00,25057778.00,6110879210952.00,HPG,2026-02-10,VCI,0.00
HPG,2018,4,2037329601363.00,577870811942.00,-18173662868.00,4104939588.00,,-66937818732.00,144936133893.00,0.00,2679130005186.00,-1712374696823.00,891988751549.00,734863589308.00,1283788372.00,-229376309960.00,-569580309365.00,0.00,-67856393468.00,1728078424799.00,-7753757887855.00,44519888341.00,-1461540758141.00,3593320000000.00,-138933689.00,2599680288.00,123359849441.00,-5451638161615.00,0.00,0.00,15795734202913.00,-13529615414961.00,-1565389423.00,2264553398529.00,-1459006338287.00,3976151668262.00,-1528194518.00,2515617135457.00,HPG,2026-02-10,VCI,0.00
HPG,2018,3,2848086063843.00,597087360757.00,-47094368475.00,21416556849.00,,2051444778.00,141685345016.00,0.00,3550924182932.00,119547210473.00,-1501522889313.00,44260251184.00,16736976398.00,-131341967884.00,-411912798208.00,0.00,-28524384634.00,1658166580948.00,-10643470479000.00,908642864.00,-3302730556489.00,5155733037056.00,0.00,0.00,257551741690.00,-8532007613879.00,0.00,0.00,15179506401865.00,-9647874632159.00,-1236393107.00,5530395376599.00,-1343445656332.00,5319038225154.00,559099440.00,3976151668262.00,HPG,2026-02-10,VCI,0.00
HPG,2018,2,2577218001099.00,553037107154.00,-426147437.00,-33113633439.00,,-41534210367.00,135220094841.00,0.00,3202709431687.00,-618456931257.00,-1531001715888.00,924608516139.00,-250081285218.00,-139451648027.00,-102996238868.00,0.00,-26000040655.00,1459330087913.00,-6535623048148.00,5500137417.00,-3916356966921.00,3253622924069.00,0.00,15000000000.00,220596558190.00,-6957260395393.00,11424719202.00,0.00,14031707569867.00,-9886721261520.00,-2474192297.00,4153936835252.00,-1343993472228.00,6662968459743.00,63237639.00,5319038225154.00,HPG,2026-02-10,VCI,0.00
HPG,2018,1,2608439205997.00,556108322687.00,-7296315043.00,38197623898.00,,-46934532354.00,118019669890.00,0.00,3266533975075.00,82342161661.00,543802130814.00,-243975167874.00,-268670700316.00,-111597863515.00,-331943891954.00,0.00,-181620568095.00,2754870075796.00,-2661214218378.00,56838470987.00,-2614873739992.00,5440337241859.00,-115947860804.00,0.00,344686537986.00,449826431658.00,0.00,0.00,8465066041528.00,-9270797786046.00,-642223602.00,-806373968120.00,2398322539334.00,4264641954689.00,3965720.00,6662968459743.00,HPG,2026-02-10,VCI,0.00
HPG,2017,4,2749694287204.00,561515828809.00,-16307823121.00,-10097823077.00,,-32766940514.00,135018785751.00,0.00,3371587985299.00,-605781725895.00,-715028361029.00,281626431892.00,-46359201842.00,-131211223031.00,-822294954967.00,0.00,-68883821314.00,1263655129113.00,-3213308867189.00,1044844892.00,5301410216620.00,-3269612916987.00,-40833411607.00,651015518.00,64399159363.00,-1156249959390.00,0.00,0.00,9618028562481.00,-8051264652750.00,-1092127232.00,1565671782499.00,1673076952222.00,2591864482986.00,-299480519.00,4264641954689.00,HPG,2026-02-10,VCI,0.00
HPG,2017,3,2487911010740.00,496694475864.00,5595692677.00,-547473255.00,,-21726279339.00,130923942442.00,0.00,3104007479047.00,98685215264.00,-655007259885.00,-571820469638.00,-27878412984.00,-128323294948.00,-24850859491.00,-4055188280.00,839011444.00,1791596220529.00,-3458547485030.00,1127420870.00,-11824387911655.00,7686710561819.00,0.00,0.00,27315537918.00,-7567781876078.00,5046526420000.00,0.00,10370508379840.00,-8862572450839.00,-139603000.00,6554322746001.00,778137090452.00,1813484050479.00,243342055.00,2591864482986.00,HPG,2026-02-10,VCI,0.00
HPG,2017,2,1807855656986.00,484745011931.00,2968679132.00,4822077813.00,,-16738098574.00,130009931346.00,0.00,2418819368552.00,269010297886.00,-335139421203.00,704354973233.00,38592222379.00,-132743807560.00,-133899941983.00,418538280.00,-45629933278.00,2783782296306.00,-1570792467729.00,2609865774.00,-2140451256926.00,14790032134.00,0.00,0.00,52505281018.00,-3641338545729.00,10758940000.00,0.00,13681487984030.00,-13400697158678.00,-1280625591.00,290269139761.00,-567287109662.00,2380437136128.00,334024013.00,1813484050479.00,HPG,2026-02-10,VCI,0.00
HPG,2017,1,2242908787766.00,472087077057.00,-5127467707.00,1055827571.00,,-36657312451.00,83754910316.00,0.00,2763177932469.00,-224961014404.00,-492313380351.00,-842569434594.00,-30152684582.00,-81058955443.00,-742733739918.00,3636650000.00,-136220414230.00,216804958947.00,-638806317086.00,3118356422.00,-4980628741489.00,30100588634.00,0.00,0.00,28171851619.00,-5558044261900.00,0.00,0.00,3524671584538.00,-360000000000.00,-1108892177.00,3163562692361.00,-2177676610592.00,4558660713745.00,-546967025.00,2380437136128.00,HPG,2026-02-10,VCI,0.00
HPG,2016,4,2252940497691.00,447982118359.00,-75174190111.00,12517247533.00,,73138204731.00,62584242926.00,0.00,2779144231046.00,-393996164857.00,-2187649492867.00,2458063894589.00,-40646092026.00,-64554214138.00,-460934433910.00,0.00,-10639153120.00,2078788574717.00,-1250587612436.00,-1266794180.00,-1089631271176.00,671938464865.00,0.00,0.00,-74102609592.00,-1743649822519.00,79230444922.00,-170000000.00,7390246964001.00,-6528730087986.00,-138537000.00,940438783937.00,1275577536135.00,3282771484625.00,311692745.00,4558660713505.00,HPG,2026-02-10,VCI,0.00
HPG,2016,3,1855716288705.00,420410354185.00,3385535627.00,-7976372368.00,,-30653206041.00,69055625453.00,0.00,2315094335479.00,-541024942820.00,300154917839.00,-8471024019.00,34191082501.00,-65761520508.00,-18648547941.00,0.00,-21360633793.00,1994173666738.00,-650397956204.00,1142559634.00,-20428632278.00,297642061629.00,0.00,0.00,37593239468.00,-334448727751.00,-79230444922.00,0.00,5656494927514.00,-5906623835507.00,-1100054460399.00,-1429413813314.00,230311125673.00,3052404764799.00,55594153.00,3282771484625.00,HPG,2026-02-10,VCI,0.00
HPG,2016,2,2381777336224.00,432200432622.00,-18512144488.00,19082366767.00,,-64763470973.00,67328991186.00,0.00,2822269621255.00,86255061363.00,-2273151476081.00,44001195718.00,108443413707.00,-34361563100.00,-64867429194.00,0.00,-15267794459.00,673321029209.00,-328957960692.00,19973296067.00,-415545617295.00,730604857143.00,0.00,0.00,44965811151.00,51040386374.00,0.00,0.00,4343536260946.00,-4940426362321.00,-1187429332.00,-598077530707.00,126283884876.00,2926138476017.00,-17596094.00,3052404764799.00,HPG,2026-02-10,VCI,0.00
HPG,2016,1,1211372613286.00,353668480131.00,-28304906688.00,-3950169382.00,,-26921804949.00,81042378600.00,0.00,1592641545219.00,64262188564.00,933139505285.00,-360050646030.00,23137601903.00,-116050624405.00,-301624696806.00,0.00,-91887886455.00,1743566987275.00,-670935842397.00,903986138.00,-355659073764.00,290321710394.00,-73131328075.00,0.00,33572675627.00,-774927872077.00,0.00,0.00,5959366812658.00,-6374076795436.00,-456946831.00,-415166929609.00,553472185589.00,2372761840865.00,-95550437.00,2926138476017.00,HPG,2026-02-10,VCI,0.00
HPG,2015,4,682848761927.00,398368348918.00,45255893932.00,-66091956217.00,,-31403070410.00,76032561384.00,0.00,1304883164337.00,292559330081.00,-175193139626.00,-99740606995.00,-87175570480.00,-493248379874.00,-93833880314.00,-514335225.00,-953154302.00,646783427602.00,-1307123101477.00,9887774352.00,-1732938580716.00,939959424990.00,-230628789000.00,0.00,46944267217.00,-2273899004634.00,0.00,0.00,7759186724515.00,-7684873403975.00,-1318725885.00,1894978425192.00,267862848160.00,2107094759286.00,-29001581.00,2374928605865.00,HPG,2026-02-10,VCI,1821983830537.00
HPG,2015,3,1160633509273.00,296302507223.00,8782905986.00,21316871834.00,,-42229158345.00,65651042150.00,0.00,1540830405611.00,-83490303827.00,-674494231636.00,-432685441816.00,19038775238.00,355932329076.00,-64039270832.00,2957111520.00,-22890829296.00,641158544038.00,-138529322500.00,12465425450.00,776493662874.00,278425000000.00,0.00,0.00,25615642494.00,954470408318.00,0.00,0.00,7610652137591.00,-7299644979889.00,-180704291.00,-1511157377126.00,84471575230.00,2022505414440.00,117769616.00,2107094759286.00,HPG,2026-02-10,VCI,-1821983830537.00
HPG,2015,2,1407764434588.00,301511273280.00,21693818232.00,11695783123.00,,-7443799102.00,51860489071.00,0.00,1817454726686.00,636430799597.00,359393794669.00,176791885168.00,3316997366.00,-99638681810.00,-50071357591.00,-1300573360.00,-13485490377.00,2828892100348.00,-1574134153640.00,1974614483.00,-543810404978.00,343469232554.00,0.00,0.00,23604219140.00,-1748896492441.00,12000000.00,0.00,5746131417468.00,-5767420369497.00,-489712206457.00,-510989158486.00,569006449421.00,1453491349657.00,7615362.00,2022505414440.00,HPG,2026-02-10,VCI,0.00
HPG,2015,1,738485384068.00,285202533263.00,-10431256032.00,46245799027.00,,2596359267.00,57781070334.00,0.00,1150252617421.00,-858014042750.00,878972421686.00,-324727321765.00,21638409835.00,-46855043285.00,-234407141502.00,1300573360.00,-88148362837.00,500012110163.00,-435032676387.00,2389799999.00,-359602870845.00,0.00,0.00,0.00,22763213500.00,-769482533733.00,46500000.00,0.00,6536020489553.00,-6789881879469.00,-49508778000.00,-303323667916.00,-572794091486.00,2026280467705.00,4973438.00,1453491349657.00,HPG,2026-02-10,VCI,0.00
HPG,2014,4,587006103005.00,285065957456.00,208258726706.00,48496459298.00,,-9419354243.00,70636426629.00,0.00,1276390288384.00,-460041872172.00,-359270478408.00,609717973758.00,143089492298.00,-60953377294.00,-87166832462.00,13457214364.00,-38373313773.00,1036849094695.00,-482639899148.00,2876353229.00,-1184067715208.00,927555196738.00,-55215592861.00,1500000000.00,24935855886.00,-765055801364.00,0.00,0.00,6544713791719.00,-6466508187250.00,132092655.00,78337697124.00,350130990455.00,1651561080358.00,88396892.00,2001780467705.00,HPG,2026-02-10,VCI,0.00
HPG,2014,3,1024678282379.00,279038374027.00,370294557.00,-29579502673.00,,-7557222858.00,78782680101.00,0.00,1373496845379.00,-409180918965.00,-21678560089.00,-849882929607.00,-270970657362.00,-67898612719.00,-66573934195.00,11139900902.00,-17944272238.00,-319493138894.00,-186943594565.00,8923466376.00,-23598274631.00,126894428753.00,1740000000.00,0.00,26255070026.00,-46728904041.00,475000000.00,0.00,5822094586932.00,-5233779127082.00,-82681908.00,588707777942.00,222485735007.00,1429108292747.00,-32947396.00,1651561080358.00,HPG,2026-02-10,VCI,0.00
HPG,2014,2,1086586698582.00,274592206614.00,1569057588.00,60750200005.00,,-26926176023.00,81355980496.00,0.00,1536332623235.00,418561268641.00,-411130212702.00,-173090101941.00,13704503419.00,-78617434926.00,-128176453387.00,14411246662.00,-8547675672.00,1183447763329.00,-185710869579.00,9349892737.00,40415328633.00,0.00,-56955592861.00,0.00,30000166409.00,-162901074661.00,0.00,0.00,4789825856092.00,-5945027273481.00,-631333792999.00,-1786535210388.00,-765988521720.00,2195020257953.00,76556514.00,1429108292747.00,HPG,2026-02-10,VCI,0.00
HPG,2014,1,1070843098197.00,268657879041.00,-744004462.00,3080402463.00,,-33506296635.00,120827103540.00,0.00,1501530397596.00,124260473167.00,1258281581498.00,-1749890855513.00,11905692786.00,-118239482053.00,-297043298315.00,536403969.00,-55776197031.00,675564716104.00,-238431892230.00,1965044115.00,-16817054002.00,0.00,0.00,0.00,26148641137.00,-227135260980.00,0.00,0.00,4715500046151.00,-5044125506655.00,-50090936327.00,-378716396831.00,69713058293.00,2125322390697.00,-15191037.00,2195020257953.00,HPG,2026-02-10,VCI,0.00
HPG,2013,4,624906992751.00,251887298783.00,-21311495954.00,-19467570040.00,,-27137784105.00,124373034373.00,0.00,1113248112183.00,-143583110760.00,39205087020.00,-74693002938.00,14579645079.00,-141362484134.00,-52517684746.00,3908665563.00,-23000626836.00,735784600431.00,-403983710108.00,1076116746.00,-158262157802.00,26319051657.00,-395947200000.00,133334.00,33965105608.00,-896832660565.00,0.00,0.00,5166410402121.00,-4751486142320.00,-440163400.00,414484096401.00,253436036267.00,2014263312314.00,-76957885.00,2267622390696.00,HPG,2026-02-10,VCI,0.00
HPG,2013,3,597978454091.00,164500424985.00,-76003820472.00,-67443974794.00,,-27282824659.00,79447906827.00,0.00,671196165978.00,70702330394.00,-438976864516.00,597329721307.00,-50516645121.00,-12040740626.00,-6666946516.00,91489237.00,-18022825908.00,813095684229.00,-659432504998.00,1496464877.00,-36000000000.00,46980047200.00,-546074299.00,0.00,21759530296.00,-625742536924.00,600000000.00,0.00,4906915930348.00,-4047269743860.00,-418813813012.00,441432373476.00,628785520781.00,1385641109293.00,-163317760.00,2014263312314.00,HPG,2026-02-10,VCI,0.00
HPG,2013,2,599329395099.00,153612281709.00,24541434887.00,88925011228.00,,-16753148991.00,77682792362.00,-27281308193.00,900056458101.00,391392242164.00,-862146448487.00,897922226436.00,21681730049.00,-142382619339.00,-77379043550.00,18156769011.00,-7497932861.00,1139803381524.00,-1031909410784.00,3343397309.00,1322098857.00,50337901143.00,-5.00,-8803477837.00,8494315371.00,-977215175946.00,0.00,0.00,4902010810854.00,-4674063868578.00,-1423348191.00,226523594085.00,389111799663.00,996320633597.00,208676032.00,1385641109292.00,HPG,2026-02-10,VCI,0.00
HPG,2013,1,572218567611.00,151633777795.00,5194528495.00,432985468.00,,-132847850801.00,81392133173.00,27281308193.00,705305449934.00,-127469433349.00,161549921074.00,218534567660.00,11171586597.00,-102574263389.00,-64265003857.00,2165779847.00,-46044383352.00,758374221165.00,-980583115840.00,4624938046.00,-1322098857.00,3000000000.00,-7389599995.00,125070383355.00,34021143068.00,-822578350223.00,20000000.00,0.00,3987269523999.00,-4221219828219.00,-44238550.00,-233974542770.00,-298178671828.00,1294493700486.00,5604939.00,996320633597.00,HPG,2026-02-10,VCI,0.00
