cp,năm,kỳ,tài_sản_ngắn_hạn_đồng,tiền_và_tương_đương_tiền_đồng,giá_trị_thuần_đầu_tư_ngắn_hạn_đồng,các_khoản_phải_thu_ngắn_hạn_đồng,hàng_tồn_kho_ròng,tài_sản_lưu_động_khác,tài_sản_dài_hạn_đồng,phải_thu_về_cho_vay_dài_hạn_đồng,tài_sản_cố_định_đồng,giá_trị_ròng_tài_sản_đầu_tư,đầu_tư_dài_hạn_đồng,lợi_thế_thương_mại,tài_sản_dài_hạn_khác,tổng_cộng_tài_sản_đồng,nợ_phải_trả_đồng,nợ_ngắn_hạn_đồng,nợ_dài_hạn_đồng,vốn_chủ_sở_hữu_đồng,vốn_và_các_quỹ_đồng,các_quỹ_khác,lãi_chưa_phân_phối_đồng,lợi_ích_của_cổ_đông_thiểu_số,tổng_cộng_nguồn_vốn_đồng,trả_trước_cho_người_bán_ngắn_hạn_đồng,phải_thu_về_cho_vay_ngắn_hạn_đồng,hàng_tồn_kho_ròng_đồng,tài_sản_lưu_động_khác_đồng,quỹ_đầu_tư_và_phát_triển_đồng,cổ_phiếu_phổ_thông_đồng,vốn_góp_của_chủ_sở_hữu_đồng,vay_và_nợ_thuê_tài_chính_dài_hạn_đồng,người_mua_trả_tiền_trước_ngắn_hạn_đồng,vay_và_nợ_thuê_tài_chính_ngắn_hạn_đồng,lợi_thế_thương_mại_đồng,trả_trước_dài_hạn_đồng,tài_sản_dài_hạn_khác_đồng,phải_thu_dài_hạn_khác_đồng,phải_thu_dài_hạn_đồng,symbol,extracted_at,source,vốn_ngân_sách_nhà_nước_và_quỹ_khác,trái_phiếu_chuyển_đổi_đồng
VNM,2025,4,36261180908033,1794879718871,21354863600460,6027719081073,6839279842936,244438664693,17051189809268,0,12648916412221,51780183216.00,957072946110,0,2049361473261,53312370717301,18829355431194,18520286019795,309069411399,34483015286107,34483015286107,746826728845.00,8522576422223,3797632379221,53312370717301,443955080617,0,6897878201557,0,78722924597,20899554450000,20899554450000,62907826150,253080586375,9393736731992,829364095821,1104735884699,94578411081,23255275322,23255275322,VNM,2026-02-10,VCI,,
VNM,2025,3,38746850813464,5154466367051,21133947314899,5910568513570,6308583334358,239285283586,16930971193199,0,12862945466334,52191022746.00,820153506859,0,1954084125070,55677822006663,17725023298796,17327809293171,397214005625,37952798707867,37952798707867,746826728845.00,11926642770429,3854830030323,55677822006663,320501373067,0,6348324750984,0,78722924597,20899554450000,20899554450000,147666530200,272600338602,8124847764469,891535427721,982715156021,94580895081,20826155877,21074688360,VNM,2026-02-10,VCI,,
VNM,2025,2,38255091705279,2498443286245,22249418458587,6147236082985,7047730548255,312263329207,17027569539096,0,12784785512923,52629612552.00,813459142512,0,1861528674115,55282661244375,19595608095818,19190691020760,404917075058,35687053148557,35687053148557,746826728845.00,9620701471578,3912698835610,55282661244375,596144052565,0,7090237799909,0,78722924597,20899554450000,20899554450000,152078435000,410601427538,9636808735983,953706759621,853505075208,94575639081,20202578311,20530844673,VNM,2026-02-10,VCI,,
VNM,2025,1,38407988421683,2538024316626,23170818696485,5469228387577,6979212103573,250704917422,16605801806083,0,12309661362750,53123702862.00,709385535593,0,1853359584072,55013790227766,17391301675751,16981777958867,409523716884,37622488552015,37622488552015,746826728845.00,4474317011269,3925281266941,55013790227766,438005266850,0,7015839015752,0,7221110105727,20899554450000,20899554450000,153956088000,123043188304,10060066017395,1015202316174,785471676757,94555479081,17985169594,18364622300,VNM,2026-02-10,VCI,,
VNM,2024,4,37553650065098,2225943732075,23260088671767,6233758612009,5686840161996,147018887251,17495411471963,0,12550564799221,53617793172.00,1373189677193,0,1960671058977,55049061537061,18874658707398,18459546837640,415111869758,36174402829663,36174402829663,499080803215.00,3471224745772,3895583288658,55049061537061,566479222775,0,5723932310689,0,7079114621362,20899554450000,20899554450000,157903902450,191336029327,9115435107250,1076022097381,792476015491,94548675081,17193985694,17592137763,VNM,2026-02-10,VCI,,
VNM,2024,3,40582371278735,2616234711174,25982843560980,5606208371600,6103016741628,274067893353,17094709027717,0,11854249093819,54111883464.00,1279281871385,0,1964819160108,57677080306452,22432804394570,22021271584074,411532810496,35244275911882,35244275911882,499080803215.00,2870255668807,3873192446288,57677080306452,367957536152,0,6131878698983,0,6863056624805,20899554450000,20899554450000,157809038000,146441611517,8291496866090,1138317394539,794384673697,94519479081,16005712689,16564396401,VNM,2026-02-10,VCI,,
VNM,2024,2,37332761258942,1198562887528,23030876331498,6344861898250,6524270542824,234189598842,16861192929052,0,12295719976946,54605973774.00,831442109832,0,2028619337197,54193954187994,15856506854537,15403310205136,453196649401,38337447333457,38337447333457,499080803215.00,6000389351529,3991321826705,54193954187994,339915869823,0,6551775627864,0,6624903112567,20899554450000,20899554450000,183388966131,97078241927,7794314406895,1199157602325,818508689475,102012967081,16830343785,17417281595,VNM,2026-02-10,VCI,,
VNM,2024,1,35013917574413,1788254863348,20268129028720,5868614319329,6780799942377,308119420639,16639952197317,0,12472420651267,55100064084.00,691579094274,0,2115992745416,51653869771730,15786279136236,15294387986523,491891149713,35867590635494,35867590635494,499080803215.00,3816256605162,4013420132830,51653869771730,414596137009,0,6807924664755,0,6365526939523,20899554450000,20899554450000,211808624280,148395646131,6616831614710,1260542631131,834078714989,101994859081,16667638485,16667638485,VNM,2026-02-10,VCI,,
VNM,2023,4,35935879621477,2912027359925,20137243800460,6529705184034,6128081805088,228821471970,16737491482983,0,12689652377511,55594154394.00,831227597345,0,2207961712860,52673371104460,17647627338990,17138689974862,508937364128,35025743765470,35025743765470,499080803215.00,3926232003987,3328929059319,52673371104460,655619313409,0,6165935294543,0,6163736586996,20899554450000,20899554450000,238476074100,164712782108,8217757172267,1321927659937,871585543337,101975059081,16131990975,16131990975,VNM,2026-02-10,VCI,,
VNM,2023,3,37680161943052,6875567986039,19012123617176,5931433000484,5697772718120,163264621233,17287274060546,0,12056272942904,56088244686.00,1424817180754,0,2197526932930,54967436003598,20964371994291,20399327964197,565044030094,34003064009307,34003064009307,202658418215.00,3411311506574,3347498534087,54967436003598,633286108202,0,5723674480049,0,5932206859820,20899554450000,20899554450000,282904335540,200125679398,6873932117860,1383312688743,814214244187,101976499081,16146741451,16146741451,VNM,2026-02-10,VCI,,
VNM,2023,2,33403479517290,1582506692207,19083000543582,6142392930802,6319892419521,275686931178,17565302240360,0,11821447407199,56582334996.00,1529822285849,0,2248973389561,50968781757650,14308732050657,13742782382772,565949667885,36660049706993,36660049706993,202658418215.00,6557754122099,3191807512910,50968781757650,762802524795,0,6346256682126,0,5679501872971,20899554450000,20899554450000,279412788750,315814573879,6128144184250,1444697717550,804275672011,101950939081,16225171701,16225171701,VNM,2026-02-10,VCI,,
VNM,2023,1,32394853632375,2011202511723,16801331801284,6619266952011,6704642178199,258410189158,16869931859724,0,11893893630404,57088071395.00,755781470427,0,2316641242760,49264785492099,14754559329281,14407882880499,346676448782,34510226162818,34510226162818,202658418215.00,4840235487374,3008635837602,49264785492099,799563355449,0,6731269100954,0,5444399294521,20899554450000,20899554450000,61054012500,376266587860,6889265980740,1506082746356,807403361320,101946619081,38388850315,38388850315,VNM,2026-02-10,VCI,,
VNM,2022,4,31560382174201,2299943527624,17414055328683,6100402870854,5537563396117,208417050923,16922282062019,0,11903207642940,57593807783.00,742670306431,0,2375257641764,48482664236220,15666145881135,15308423081524,357722799611,32816518355085,32816518355085,202658418215.00,3353468092666,2967467051304,48482664236220,589439884812,0,5560169453504,0,5266761584973,20899554450000,20899554450000,66028725000,161708567120,4867129839103,1567467775162,772804663141,101950219081,38422722715,38422722715,VNM,2026-02-10,VCI,,
VNM,2022,3,34373292456500,2867857717514,19533563143705,5954158809895,5777310525795,240402259591,16826610965664,0,11989258352342,58142248159.00,753081870477,0,2319126246293,51199903422164,17355518040395,16983265249980,372252790415,33844385381769,33844385381769,202658418215.00,4814830749665,2702967265561,51199903422164,584122702158,0,5792936495639,0,5065071602264,20899554450000,20899554450000,71579812500,239770870256,9405653167691,1628852803968,690273442325,101960299081,16641153195,16641153195,VNM,2026-02-10,VCI,,
VNM,2022,2,36871285863860,4507497088287,18976163363916,6040009761668,7096208618612,251407031377,16970890135803,0,12266369373175,58776096523.00,750169162022,0,2402251632099,53842175999663,17021656898873,16644210900330,377445998543,36820519100790,36820519100790,202658418215.00,8119867846747,2684554607037,53842175999663,572608294056,0,7111593809810,0,4822828235270,20899554450000,20899554450000,74459700000,199280096694,9701229190460,1690237832775,705958127692,101938879081,16283088695,16283088695,VNM,2026-02-10,VCI,,
VNM,2022,1,35452395671778,1680858133124,19832829713819,6024628344054,7665947194796,248132285985,17543132559393,0,12453688352626,59409944887.00,1339527885230,0,2481798452480,52995528231171,18018316689141,17607914154548,410402534593,34977211542030,34977211542030,202658418215.00,6479377674989,2779254816308,52995528231171,656413782366,0,7709372077826,0,4575217135935,20899554450000,20899554450000,70663500000,116501196540,10942647333716,1751622861581,730175590899,101923219081,16713810495,16713810495,VNM,2026-02-10,VCI,,
VNM,2021,4,36109910649785,2348551874348,21025735779475,5822028742791,6773071634017,140522619154,17222492788434,0,12706598557849,60049893676.00,743862023831,0,2565263512673,53332403438219,17482289188835,17068416995519,413872193316,35850114249384,35850114249384,202658418215.00,7594260378375,2766835388433,53332403438219,655822646219,0,6820486391670,0,4352441335060,20899554450000,20899554450000,75636000000,66036392886,9382354118118,1813007890387,725108101375,101921059081,16695104495,16695104495,VNM,2026-02-10,VCI,,
VNM,2021,3,34446542339559,2051857098275,19753142693943,6118496933219,6380809878105,142235736017,17621216868681,0,13058194375719,60963188860.00,764478911041,0,2597090238065,52067759208240,18192841472371,17766091926204,426749546167,33874917735869,33874917735869,202658418215.00,5843776925027,2778526982018,52067759208240,866059864322,0,6410434510128,0,4132854408049,20899554450000,20899554450000,80626092834,242584395198,9038248667322,1874392919193,722697318872,101918899081,25407409661,25407409661,VNM,2026-02-10,VCI,,
VNM,2021,2,35042535233833,1663036014269,19971222710510,6370305908925,6842795582767,195175017362,18004133795359,0,13223395767565,62007056833.00,749939570721,0,2675040006527,53046669029192,18671295879023,18127021271173,544274607850,34375373150169,34375373150169,202658418215.00,6631020480297,2750729913933,53046669029192,976845401593,0,6876983730958,0,3844015723908,20899554450000,20899554450000,157817900434,360506124003,9481532928054,1935777948000,730264994725,101928259081,25326572715,25326572715,VNM,2026-02-10,VCI,,
VNM,2021,1,32834546632146,1197956795582,19542794237097,5320350430335,6465943104329,307502064803,18216664248505,0,13581563074872,63050924806.00,766806577828,0,2730986153992,51051210880651,17087270259224,16532816332955,554453926269,33963940621427,33963940621427,202658418215.00,6642146444531,2631924353171,51051210880651,653239283565,0,6514512235046,0,3552461470108,20899554450000,20899554450000,162103516784,222037194417,9247097278828,1997162976806,719856192649,101923579081,19949209715,19949209715,VNM,2026-02-10,VCI,,
VNM,2020,4,29665725805058,2111242815581,17313679774893,5187253172150,4905068613616,148481428818,18766754868571,0,13853807867036,59996974041.00,973440912476,0,2796901483346,48432480673629,14785358443807,14212646285475,572712158332,33647122229822,33647122229822,202658418215.00,6909725668453,2349939498572,48432480673629,546236562342,150000000,4952848688011,0,3286241911090,20899554450000,20899554450000,167421748884,111159982412,7316497078307,2058548005612,713499307014,101924299081,19974111715,19974111715,VNM,2026-02-10,VCI,,
VNM,2020,3,31541319633765,2335881481579,17872002664622,5976863349617,5246489877728,110082260219,18855137883156,0,13954302484978,60407813571.00,767256144971,0,2795076756604,50396457516921,18704936040491,18164145581085,540790459406,31691521476430,31691521476430,0.00,5361509637035,2344526691994,50396457516921,475798169117,22870498078,5260129092778,0,3081189447472,20899554450000,20899554450000,176301073571,166642125092,6423212089774,2107871914351,681055051641,101927179081,18819937295,18819937295,VNM,2026-02-10,VCI,,
VNM,2020,2,30073376341979,2176667357252,16363060738340,5674690836392,5696221872518,162735537477,19523433604246,123328000,14315882350284,60913099256.00,1074177901960,0,2910169727643,49596809946225,17241110573049,16681721259498,559389313551,32355699373176,32355699373176,0.00,9937240997894,2220121533566,49596809946225,540579362752,2948765507,5709730898950,0,2773515033707,17416877930000,17416877930000,182356135696,234824364052,6189353009901,2231149954553,672458112694,101927899080,19327799295,19451127295,VNM,2026-02-10,VCI,,
VNM,2020,1,26461638721175,1379711866875,14370288608530,4711713537853,5733793403343,266131304574,19612088297814,308320000,14589591346307,61465607996.00,922935784641,0,2980631749992,46073727018989,13826962983067,13314973420207,511989562860,32246764035922,32246764035922,0.00,10090990636691,2236285466435,46073727018989,388901000559,15814336327,5743959650794,0,2469800368828,17416877930000,17416877930000,119643482893,223415731424,6149806942796,2298695403954,678291118285,104558824212,19408962895,19717282895,VNM,2026-02-10,VCI,,
VNM,2019,4,24721565376552,2665194638452,12435744328964,4503154728959,4983044403917,134427276260,19978308009482,545312000,14893540216703,62018116736.00,986676290429,0,3071057864716,44699873386034,14968618181670,14442851833360,525766348310,29731255204364,29731255204364,0.00,7875462401924,2227196960471,44699873386034,576013061394,31170336327,4996114799978,0,2200188373195,17416877930000,17416877930000,122992982893,245247666160,5351461260191,2366060103995,678630479869,104537010212,20624656995,21169968995,VNM,2026-02-10,VCI,,
VNM,2019,3,22146344620561,1043473767363,10238285848104,5699702616339,4990634977666,174247411089,17955508227195,1148421511,13406776090507,62573609227.00,2026569686717,0,1128857956467,40101852847756,12261224601874,11924062277981,337162323893,27840628245882,27840628245882,0.00,7840153595139,580536402501,40101852847756,760510957858,0,5005803992060,0,1991895881469,17416877930000,17416877930000,93806389962,289188450552,4188147842196,487376163534,624567844983,72083707154,19115749995,20264171506,VNM,2026-02-10,VCI,,
VNM,2019,2,22089274019449,1676491290318,9306531479431,5391295160818,5540929744702,174026344180,18097201646002,1787293049,13210637069720,63129101716.00,1953808430503,0,1405327897065,40186475665451,11252755465246,10816139387760,436616077486,28933720200205,28933720200205,0.00,9176996233930,594118914965,40186475665451,764793333218,0,5558042713939,0,1726647591960,17416877930000,17416877930000,188821030390,257406204511,3272945064774,504364143129,883586446472,72086227154,19141166995,67351671984,VNM,2026-02-10,VCI,,
VNM,2019,1,22040432596172,1209154406312,9666846652579,5520731708608,5353836025138,289863803535,16264829196683,2434285049,13090571280454,88651305268.00,631612251272,0,1269271797391,38305261792855,9382030969362,8816669411270,565361558092,28923230823493,28923230823493,0.00,9451547063899,588764364413,38305261792855,824642255092,0,5370480311055,0,1449929685712,17416877930000,17416877930000,218007911923,382030552891,2126083288960,521352122724,732120606558,147642783223,17573180995,87554893706,VNM,2026-02-10,VCI,,
VNM,2018,4,20559756794837,1522610167671,8673926951890,4639447900101,5525845959354,197925815821,16806351859342,3143509548,13365353599098,90248200759.00,1068660695119,0,1325400244471,37366108654179,11094739362252,10639592009462,455147352790,26271369291927,26271369291927,0.00,7155434314256,490234549654,37366108654179,876158254325,0,5538304348980,0,1191672373593,17416877930000,17416877930000,215798919361,535552943437,1060047652329,538340102319,750599476304,72083527154,17641321463,88443241642,VNM,2026-02-10,VCI,,
VNM,2018,3,18360115898846,630784664818,7772300444146,5460673084444,4320172955926,176184749512,15666315495522,4043428184,11621555848270,91845096228.00,674700748738,0,1074851242386,34026431394368,8076222108091,7381050047407,695172060684,25950209286277,25950209286277,0.00,7045967464638,491346278971,34026431394368,793597136008,0,4331976652237,0,971862470616,17416877930000,17416877930000,246268247487,246420929400,956294678845,432991024353,636060459744,72088747153,18896044612,116065795456,VNM,2026-02-10,VCI,,
VNM,2018,2,20818678622022,1343435279374,9210770926165,5149241546227,4885749046820,229481823436,15364851440316,3702337981,11094916871141,93441991719.00,572253172131,0,1064884667724,36183530062338,9647480149806,8862722162878,784757986928,26536049912532,26536049912532,0.00,7892017119552,491002725146,36183530062338,985009857695,0,4901208541928,0,3365242121688,14514534290000,14514534290000,243603105068,365688934983,1797452552318,446970715647,595192603070,72075427154,18745704386,114094900047,VNM,2026-02-10,VCI,,
VNM,2018,1,19974838548267,563392699177,9661889566014,5175991528051,4373067721747,200497033278,15353880667803,5395040000,10565776062783,93715303958.00,1165579009965,0,1098375209584,35328719216070,9037780154701,8441889289285,595890865416,26290939061369,26290939061369,0.00,7912102872895,479521691031,35328719216070,696320345390,0,4396117740988,0,3110455558804,14514534290000,14514534290000,270260689387,411072068406,1560293768812,460950406941,605218037493,72069307154,18452648676,96477283441,VNM,2026-02-10,VCI,,
VNM,2017,4,20307434789529,963335914164,10561714377337,4591702853157,4021058976634,169622668237,14359884047968,5373558222,10609309098847,95273270528.00,555497854952,0,1117459677120,34667318837497,10794261023636,10195562827092,598698196544,23873057813861,23873057813861,0.00,5736920629462,497790228077,34667318837497,622978664875,0,4041302638611,0,2851905410228,14514534290000,14514534290000,274949439387,360182469422,268102046087,474930098235,612134810005,82336523394,18427382918,53774889824,VNM,2026-02-10,VCI,,
VNM,2017,3,18889319053176,668414723359,9791941947414,4629352818459,3674548797478,125060766466,12706395888018,3944320000,8273741711305,105448300706.00,1467781453604,0,734526115669,31595714941194,7567098172016,7089478813206,477619358810,24028616769178,24028616769178,0.00,6547207726316,18008672198,31595714941194,576988178408,0,3676257389070,0,2677315588821,14514534290000,14514534290000,298014000449,27555730892,219632623984,110211647015,595535113215,11387116240,14676233950,18620553950,VNM,2026-02-10,VCI,,
VNM,2017,2,20677934235834,590906789944,11451962635433,4302765388752,4181877412455,150422009250,11277097882461,5102571597,8135159827888,106784826368.00,649390868930,0,604525165973,31955032118295,7201913619763,6712397749306,489515870457,24753118498532,24753118498532,0.00,7329419316798,232023941948,31955032118295,581862822677,0,4184457799087,0,2405457144996,14514534290000,14514534290000,326609969983,23034093860,108173213914,114802128164,463098001910,11387476240,14678124929,19780696526,VNM,2026-02-10,VCI,,
VNM,2017,1,20171593469610,2216760721249,10320085979619,3607663053640,3921381723837,105701991265,10896951173774,6456333502,8261100271418,135629558370.00,630414023573,0,597692571682,31068544643384,6049114164383,5534019542094,515094622289,25019430479001,25019430479001,0.00,7877979627383,237418957704,31068544643384,526066497300,0,3924949167814,0,2121479999738,14514534290000,14514534290000,327110398182,30555300153,174251757485,119392609313,455688125817,11387836240,14614205003,21070538505,VNM,2026-02-10,VCI,,
VNM,2016,4,18673827685789,655423095436,10453749313471,2866683958798,4521766382352,176204935732,10704828639675,7245908762,8321053086713,136973382326.00,613806560199,0,618028960243,29378656325464,6972707036879,6457497982894,515209053985,22405949288585,22405949288585,0.00,5591831510779,237385583924,29378656325464,288808403942,0,4538439873598,0,1797019925588,14514534290000,14514534290000,326970398182,35951866026,1332666200200,123983090462,459395057029,11387476240,14609099414,21855008176,VNM,2026-02-10,VCI,,
VNM,2016,3,17322793032464,772572092518,8935288386774,3624417789794,3919152564002,71362199376,10333927709677,7658734060,8135810558610,138317282339.00,621863953896,0,600488297963,27656720742141,6901906900271,6370099514142,531807386129,20754813841870,20754813841870,0.00,4122205218497,233926927098,27656720742141,413219416871,0,3929044077496,0,1617351151535,14514534290000,14514534290000,343653915063,28090946823,1336465403604,128573571611,439360054201,19471996240,14489163421,22147897481,VNM,2026-02-10,VCI,,
VNM,2016,2,19513524046623,3059808166107,8630483623974,3367616862575,4385254758820,70360635147,10284477152156,3041322678,8228199584200,139663405935.00,628470651059,0,565037532412,29798001198779,6850659845222,6316879862995,533779982227,22947341353557,22947341353557,0.00,6933105801485,233295381875,29798001198779,307089250909,0,4396134069001,0,3775819735733,12006621930000,12006621930000,344996641118,16165064550,1365531072109,133164052760,402464626702,19471996240,14649507421,17690830099,VNM,2026-02-10,VCI,,
VNM,2016,1,18004264892914,1228329938789,9305385263665,3370787460751,4029870340727,69891888982,11064570661598,4302948352,8196789228697,141015540134.00,1257694829495,0,562326876187,29068835554512,6195900000302,5760854047953,435045952349,22872935554210,22872935554210,0.00,7123820088192,234182425441,29068835554512,230193906487,0,4044031533401,0,3503789498072,12006621930000,12006621930000,255684975403,15542958257,1499433453402,137754533909,400225367875,19471636240,14270733421,18573681773,VNM,2026-02-10,VCI,,
VNM,2015,4,16731875433624,1358682600684,8668377936330,2685469151432,3810095215771,209250529407,10746300510728,5573700349,8214134749497,142368204632.00,940365020223,0,584855042633,27478175944352,6554260196767,6004316835213,549943361554,20923915747585,20923915747585,0.00,5391795573082,231349525167,27478175944352,126289719352,0,3827369319952,0,3291207229973,12006621930000,12006621930000,368170178853,19882391510,1475358507208,142345015058,417329840261,11378476240,15324688421,20898388770,VNM,2026-02-10,VCI,,
VNM,2015,3,15029826360314,1409857423245,6918871993291,2984334413825,3658427900984,58334628969,10929142925003,6830412346,7840654962033,143720869109.00,972996475211,146935496207,638201606856,25958969285317,6742179621479,6183917147643,558262473836,19216789663838,19216789663838,0.00,3876354212648,228217928395,25958969285317,190022426600,0,3669875691062,0,3100598784761,12006621930000,12006621930000,376211717315,17962164288,1358733604316,0,433048083758,25638543749,15163048421,21993460767,VNM,2026-02-10,VCI,,
VNM,2015,2,16603153127894,1854221704170,7856878780812,3033862672924,3784847613344,73342356644,10620508562705,8101164343,8011367202666,145083675523.00,704211667763,151525977356,665843284286,27223661690599,5951379727175,5431901592093,519478135082,21272281963424,21272281963424,0.00,8167252378968,213347579311,27223661690599,279648900195,0,3795398560285,0,2887837119930,10006413990000,10006413990000,338754261458,22762414626,872896438045,0,423014863803,25722035352,14707706026,22808870369,VNM,2026-02-10,VCI,,
VNM,2015,1,16640748752812,1227505962892,8469267785759,2941878217850,3924904956963,77191829348,10362315602001,9371916340,8045671470354,146446481929.00,686532937484,156116458505,371344016943,27003064354813,5741614197631,5227911279864,513702917767,21261450157182,21261450157182,0.00,8405286185231,178726632182,27003064354813,424014615246,0,3935975905243,0,2676353447778,10006413990000,10006413990000,343756460322,15238253354,922783147378,0,210138161691,378995773139,14554839098,23926755438,VNM,2026-02-10,VCI,,
VNM,2014,4,15522309519016,1527875428216,7467962935026,2771736892079,3620107245454,134627018241,10247828541941,0,8890084022717,147725868615.00,700375068841,160706939654,341541338443,25770138060957,5969901577449,5453262931031,516638646418,19680282615855,19680282615855,0.00,7157699467945,0,25770138060957,420615080215,0,3633231617297,5442538830,1550028784604,10006413990000,10006413990000,346383586552,17826386435,1279525014840,0,183505250834,380012236959,7395303671,7395303671,VNM,2026-02-10,VCI,,
VNM,2014,3,12808828895655,670329547281,6010426758526,2535847162555,3535730778418,56494648875,11098774021552,0,8848709119929,104838186590.00,1598896746815,165290590052,374596885496,23907602917207,5662834497211,5146485757250,516348739961,18122315803395,18122315803395,0.00,5857586831474,0,23907602917207,440963448155,0,3549938308880,6669789613,1378181089327,10006413990000,10006413990000,349878694016,14229030312,1273922478239,0,201152715870,1277336020900,6442492670,6442492670,VNM,2026-02-10,VCI,,
VNM,2014,2,13778291683771,1219936043702,5917347091318,2239065946679,4259769334087,142173267985,9955953497083,0,8821435295369,103600345899.00,494551977550,169870157206,362797037390,23734245180854,5119511114009,4624642854725,494868259284,18552031822579,18552031822579,0.00,6866599920458,0,23734245180854,297206010826,0,4273413117553,49336186072,1239815387659,8339557960000,8339557960000,326808491393,17653657080,66825762412,0,196204979134,191271452425,3698683669,3698683669,VNM,2026-02-10,VCI,,
VNM,2014,1,13566719604936,1193310867797,5776073081618,2589045252214,3798942838749,209347564558,9697630589886,0,8795188483871,104812739721.00,328573625510,169988561659,294923636457,23264350194822,4403591598101,4047843509295,355748088806,18796401965978,18796401965978,0.00,7264947377603,0,23264350194822,373384383132,0,3810158581368,57621073957,1086361105334,8339557960000,8339557960000,190497999316,26747069793,178426692076,0,173300542672,43912654261,4143542668,4143542668,VNM,2026-02-10,VCI,,
VNM,2013,4,13018930127438,2745645325950,4167317622318,2728421414532,3217483048888,160062715750,9856483929198,0,8918416535379,149445717001.00,318308294039,174463919182,295112796930,22875414056636,5307060807329,4956397594108,350663213221,17545489315423,17545489315423,0.00,6149811983770,0,22875414056636,423820755014,0,3227859954432,4880874661,950237983612,8339557960000,8339557960000,184142784403,20929404542,178943692147,0,171151838315,43927626956,736666667,736666667,VNM,2026-02-10,VCI,,
VNM,2013,3,11634196616736,1684436360678,3869716691608,2571043374013,3258750181216,250250009221,9025317926360,0,8359739122551,150662518929.00,247787187429,7887328324,259241769127,20659514543096,3771554208170,3701868681483,69685526687,16887960334926,16887960334926,0.00,5677579248354,0,20659514543096,558597968643,0,3262254673271,2010143669,764826880531,8339557960000,8339557960000,0,21296233954,0,0,109639619818,26322737046,0,0,VNM,2026-02-10,VCI,,
VNM,2013,2,12077326003950,812485229333,4690836761292,2412771906031,3881704034688,279528072606,9037212764812,0,8417743279497,110678109172.00,285040218673,8190687106,215560470364,21114538768762,4083065582101,4013167930550,69897651551,17031473186661,17031473186661,0.00,6124773787226,0,21114538768762,679488450242,0,3885037011153,1799752514,539193296167,8339557960000,8339557960000,0,32845817190,0,0,81691053305,78503484679,0,0,VNM,2026-02-10,VCI,,
VNM,2013,1,11885819757336,1633381902213,3926641975882,2313882601252,3763211894998,248701382991,8703020109674,0,8168338799595,111680774334.00,282888887661,8494045888,131617602196,20588839867010,3717442885609,3657763640534,59679245075,16871396981401,16871396981401,0.00,6297150184902,0,20588839867010,751565977402,0,3767593427362,2051386910,297685912159,8339557960000,8339557960000,0,19577811278,0,0,34953110614,78503484679,0,0,VNM,2026-02-10,VCI,,
FPT,2025,4,58102970741619,10540181640920,29612986737440,14400800569076,2167188682919,1381813111264,29986651038243,5278733014,17330033606586,,4737863994182,0,5749495414786,88089621779862,44338155487272,41552785100161,2785370387111,43751466292590,43748716292590,3499547369952.00,14324284500434,7265098386273,88089621779862,915176652285,9195910819,2250812490757,0,1556932891952,17035071210000,17035071210000,1903789988184,761332738428,19169697497955,1015730266161,4200230383066,3823762975906,611435814893,564342065270,FPT,2026-02-10,VCI,2750000000.00,
FPT,2025,3,53632976863548,9853512731370,27125585559832,13077014449004,2050315910017,1526548213325,29105328066901,4847000537,16990519914677,,3982982376038,0,5915455046818,82738304930449,39907781019976,36285959995924,3621821024052,42830523910473,42827773910473,3499547369952.00,13905342142939,7039652215035,82738304930449,801251699142,45227471491,2134346913983,0,1237865469600,17035071210000,17035071210000,2681435422290,889386954751,16906417104678,1175980649927,4112639286448,3467604969734,624504027254,576978545154,FPT,2026-02-10,VCI,2750000000.00,
FPT,2025,2,52711179992741,10019630995136,26619399709978,12525313635530,2074111218172,1472724433925,28554895462630,5262117035,16736349598106,,3814048381835,0,5696418377281,81266075455371,41393292129716,37683199470884,3710092658832,39872783325655,39870033325655,3445303270339.00,13754755729692,6569531877020,81266075455371,806039137690,10069852326,2157814116939,0,1153142943064,14813301220000,14813301220000,2739611909827,832680973164,20297311111107,1157563156639,3961673550929,3489039064306,602496864928,555386499326,FPT,2026-02-10,VCI,2750000000.00,
FPT,2025,1,46075510989597,6755645214252,23768377985785,11997831491115,2107939084995,1445717213450,27922162132192,3234647419,15548353983782,,3526503466795,0,5600891937741,73997673121789,36101018424847,33917117422503,2183901002344,37896654696942,37893904696942,1929012703454.00,13205526456323,5822598933827,73997673121789,654479702711,9757907901,2238873166859,0,2071074307101,14710691830000,14710691830000,987681080191,601277867861,18320209599285,1066102117874,3785638253320,3422494535673,482857117398,433719282180,FPT,2026-02-10,VCI,2750000000.00,
FPT,2024,4,45535942846453,9315440438884,21785213686808,11381523992803,1856756949030,1197007778928,26464052832167,2509722351,14816131186204,,3318095237260,0,5438413518284,71999995678620,36272455573820,34836184067740,1436271506080,35727540104800,35724790104800,1929012703454.00,11030528671431,5933309621004,71999995678620,610379845664,9808117590,1990224486513,0,2033289141535,14710691830000,14710691830000,501115537075,562066755666,14446238451323,1097458206678,3765187625417,3393737969842,381508926294,331646166008,FPT,2026-02-10,VCI,2750000000.00,
FPT,2024,3,42605105704316,7935632407357,19442595123064,11875150699489,2059110974322,1292616500084,24976481427066,897416719,14439270982491,,3214141461080,0,5501511121171,67581587131382,32217402904957,30969636903539,1247766001418,35364184226425,35361434226425,1928079706361.00,11263802921306,5671387531825,67581587131382,566097011978,33543915000,2193960954794,0,1785871347912,14604480660000,14604480660000,478259485405,561493915003,14167809581083,1434724678776,3447179472476,3127281986657,398299567069,346824501151,FPT,2026-02-10,VCI,2750000000.00,
FPT,2024,2,40835231143696,6836262549195,19916062543669,10992515047452,1883517781683,1206873221697,24451014484828,298168000,14177576187762,,3095902850581,0,5386582674862,65286245628524,32549802380215,31353291224627,1196511155588,32736443248309,32733693248309,1928079706361.00,9178029915429,5250105319906,65286245628524,599121868182,18634400000,2020867809584,0,1689800219262,14604480660000,14604480660000,478494331122,773964458511,16024050830233,1479792163477,3317231255111,2957192860629,367722195710,315647881073,FPT,2026-02-10,VCI,2750000000.00,
FPT,2024,1,37679149034489,6341457504996,18230159723426,10054871366217,1856403641469,1196256798381,24345556013940,0,13814237251681,,3415559155234,0,5366724357153,62024705048429,30297604017265,29033182945777,1264421071488,31727101031164,31724351031164,1928079706361.00,10478838767447,4892732884725,62024705048429,628462570207,657520000,1996597949120,0,1626776630590,12699688750000,12699688750000,525148987126,663830151912,15984086694338,1611723437032,3291841329838,2949336301696,372045169185,319672686548,FPT,2026-02-10,VCI,2750000000.00,
FPT,2023,4,36709543350385,8279156683221,16104205358010,9533935053243,1593411075233,1198835180678,23615732701547,0,13643232649898,,3367402312269,0,5042420397778,60325276051932,30376921097518,29667280422306,709640675212,29948354954414,29945604954414,1928602158147.00,8679208502528,4958194500693,60325276051932,348405863076,515430000,1724956924671,0,1559995344872,12699688750000,12699688750000,208074996962,602100022731,13837894474107,1283790079129,3389945901107,2830355013038,299779688236,247407205599,FPT,2026-02-10,VCI,2750000000.00,
FPT,2023,3,39531943273981,7153625069795,19618195845890,9819319720327,1757547511785,1183255126184,22580733074663,582878037,13261738918834,,3223296628954,0,4529333425055,62112676348644,33707020718946,33050415339821,656605379125,28405655629698,28402905629698,1179064868147.00,8388775579103,4771571633243,62112676348644,419601591333,50546966120,1896440753051,0,1278251861087,12699688750000,12699688750000,172070230363,501875085943,18937892531470,755457584159,3426793863558,2562675236710,289197032318,237407427718,FPT,2026-02-10,VCI,2750000000.00,
FPT,2023,2,38758427341944,6236475101406,20451941376989,9006495599449,2028260743417,1035254520683,21765967171287,729134337,12232267027235,,3045169826409,0,4501685335332,60524394513231,31929066630167,31286939836444,642126793723,28595327883064,28592577883064,1179064868147.00,10666118581988,4444671445841,60524394513231,500907002679,50562368657,2178824846894,0,1186162995340,11043316220000,11043316220000,214538478651,601240983383,19307278156994,693010132357,3492345731610,2432093749312,280432794993,228789446693,FPT,2026-02-10,VCI,2750000000.00,
FPT,2023,1,29524492711606,3289424451229,13860719245281,9293933666296,2085309446226,995105902574,21216668704842,1002905644,11983455355040,,3257209895051,0,4512159868725,50741161416448,23679982202458,23043504756733,636477445725,27061179213990,27058429213990,1179064868147.00,9207127401083,4472360423478,50741161416448,646447723206,50766311424,2236267337224,0,1134117262506,10970265720000,10970265720000,312845373321,662235154979,12043373564413,715362979924,3516501185403,2364550933343,274630125271,223260548278,FPT,2026-02-10,VCI,2750000000.00,
FPT,2022,4,30933924692832,6440177174268,13036072272619,8510152205706,1965787736563,981735303676,20721483952116,1189922137,12032914964907,,3251688307364,0,4149601281921,51655408644948,26312427899207,24534231146586,1778196752621,25342980745741,25340230745741,1179064868147.00,7704079785679,4310620574492,51655408644948,293039400616,882560901,2121118039562,0,1079641024169,10970265720000,10970265720000,1477830333990,491097603761,10904344845014,407944847961,3488252134893,2386837295565,276273436689,225090876189,FPT,2026-02-10,VCI,2750000000.00,
FPT,2022,3,35269474823622,3737291803926,20389025847693,8184661159428,2188156229832,770339782743,19857626692533,1291670151,11384340094228,,3360604292956,0,3958794897930,55127101516155,31071333186539,28697860823948,2373472362591,24055768329616,24053018329616,1178175536522.00,6953169466146,4160482918155,55127101516155,378829424777,100614829000,2296513265409,0,709313832999,10970265720000,10970265720000,2082516102387,913352865512,16248169308008,422574249924,3264803928105,2261588722773,249558811430,198477998944,FPT,2026-02-10,VCI,2750000000.00,
FPT,2022,2,37159706261301,5219950154604,21520473393082,7494546042666,2207460290255,717276380694,19135844889005,1505789237,10634895059784,,3130048656693,0,3795357179998,56295551150306,32883878002931,30416062290247,2467815712684,23411673147375,23408923147375,1178174776366.00,6595216750742,3852246361310,56295551150306,318135753388,230514320000,2307220887489,0,703060297129,10970265720000,10970265720000,2142433707042,692341801749,19720103859650,437203651887,3125055583508,1997596608809,228050253580,177183560180,FPT,2026-02-10,VCI,2750000000.00,
FPT,2022,1,36617350544580,4825840656865,21606129233008,7635393660172,1841894721430,708092273105,18983948809040,1843371213,10565697032867,,3311117191071,0,3728313587632,55601299353620,32641897512034,30137625429078,2504272082956,22959401841586,22956651841586,1178174776366.00,8244315683289,3775623015431,55601299353620,340903447190,300496746655,1949021697571,0,567067242973,9075516490000,9075516490000,2228486463502,613378448097,20476429866972,451674038727,3041553782870,1965581621372,240576957028,187691154423,FPT,2026-02-10,VCI,2750000000.00,
FPT,2021,4,35116784160545,5417845274047,20730720735456,6882319562187,1507342901619,578555687236,18579859430879,2268758773,10398841278372,,3100458973524,0,3621268367627,53696643591424,32276466949020,29811587201351,2464879747669,21420176642404,21417426642404,1178174776366.00,6997849946082,3477416153145,53696643591424,400846789036,34762220000,1623315328554,0,574902605021,9075516490000,9075516490000,2296308494046,710658541296,17799441187777,466929099458,2972696947589,1931006629408,219704534928,167244119883,FPT,2026-02-10,VCI,2750000000.00,
FPT,2021,3,30655506375345,5446784083688,16055301795066,6654818353847,1955072057943,543530084801,17589371624276,2574676673,8442954951887,,2754826446669,0,3447333732170,48244877999621,27920744789189,25891181819535,2029562969654,20324133210432,20321383210432,1178174776366.00,6089271019675,3340600465277,48244877999621,338658818579,260408900000,2075649392742,0,517940941802,9075516490000,9075516490000,1818552251255,883273527253,15943319237854,508002558873,2819282135701,1797807709833,220362896628,168588399483,FPT,2026-02-10,VCI,2750000000.00,
FPT,2021,2,29634333850918,4978881337221,15532505379957,6675995128182,1849606883871,597345121687,17346167199680,93335081908,8292676926263,,2649059504770,0,3327220825730,46980501050598,26922972857653,24989658347910,1933314509743,20057528192945,20054778192945,1176568596721.00,5900973399171,3270651290604,46980501050598,579927721506,235416520000,1975988437987,0,501599626887,9075516490000,9075516490000,1800034282871,918425150837,15361627338629,496238868858,2723167857012,1344680826356,287712999088,326698907178,FPT,2026-02-10,VCI,2750000000.00,
FPT,2021,1,27905525240833,5162685900519,14057681981618,6051076946319,1638474324623,995606087754,16568753168985,93568407678,8373230770473,,2804530745720,0,2625486242551,44474278409818,24743977981996,22968032691682,1775945290314,19730300427822,19727550427822,920081410199.00,7294117578994,3092414808669,44474278409818,467365468959,0,1760642156640,0,462731536495,7839874860000,7839874860000,1674335919096,677215380800,14804786460957,223327627847,2285753665693,1202989742312,206770217984,245989451844,FPT,2026-02-10,VCI,2750000000.00,
FPT,2020,4,25608346381474,4684867868361,12435918124269,6263024543620,1290091524352,934444320872,16141090782024,93992225574,8317998687965,,2605504854052,0,2601321080116,41749437163498,23146723671078,22382164623421,764559047657,18602713492420,18599963492420,920081410199.00,6390630135723,2859152779020,41749437163498,459336196478,185532228683,1405083502315,0,440634735853,7839874860000,7839874860000,677796913413,463125962596,12062410192740,200034225027,2266063078923,927787136286,203229811570,242872863326,FPT,2026-02-10,VCI,2750000000.00,
FPT,2020,3,22473334313473,4306782189437,9990823495588,5930772737994,1295548177189,949407713265,15284122357685,91149360800,7238790571133,,2529556438447,206724143763,2318332539037,37757456671158,19576055665489,18551811881772,1024243783717,18181401005669,18178651005669,920081410199.00,5843096960248,3118599246246,37757456671158,464970526451,21168790,1375484867442,0,330124830708,7839874860000,7839874860000,753066378324,396225538416,10256051493688,0,2283037199946,922165806267,334832674369,371632861351,FPT,2026-02-10,VCI,2750000000.00,
FPT,2020,2,20974738294596,4180454757893,8823220085750,5803633693745,1300202611747,867227145461,14938070369160,91148113400,7365996280591,,2451568314545,213414062499,2325398922216,35912808663756,18009082670732,16991794634833,1017288035899,17903725993024,17900975993024,912977796599.00,5744686806612,2944452240481,35912808663756,432212031129,0,1375253714502,0,342769607414,7839874860000,7839874860000,803273190638,383308792651,9571890414760,0,2291095492149,865250071864,311628845936,348427785518,FPT,2026-02-10,VCI,2750000000.00,
FPT,2020,1,19577485114151,3891505567427,6943402877397,6587706294394,1209839863299,945030511634,14839183674775,84637936400,7331928850009,,2579220701049,0,2583898944401,34416668788926,16785979311455,15838154515551,947824795904,17630689477471,17627939477471,765332464859.00,6687411938813,2890445222074,34416668788926,373805877604,230160921124,1285598030749,0,325350984284,6817504780000,6817504780000,778966375255,356641092429,9110750395492,220031264727,2323596176561,912250071864,300966311200,331255073782,FPT,2026-02-10,VCI,2750000000.00,
FPT,2019,4,19038081282518,3457655751733,6777898508889,6520456215584,1284200733943,997870072369,14620661733724,427917600,7491241713294,,2496552054487,0,2760879786138,33658743016242,16783930959035,16291312998786,492617960249,16874812057207,16872062057207,780914628944.00,5999465426589,2835086436716,33658743016242,274825585395,2717176861,1349958901393,0,307526573229,6783586880000,6783586880000,349769099942,383562042162,7515958654008,225929415272,2494699086503,893623994517,275438562531,221517306313,FPT,2026-02-10,VCI,2750000000.00,
FPT,2019,3,18431909603327,3230352153676,6305339416212,6515911793608,1425172257953,955133981878,13844914861433,27000000000,7184933236936,,2479487378717,0,2149555207086,32276824464760,16025694080600,15404437564853,621256515747,16251130384160,16248380384160,777869243918.00,5649074093096,2671305243641,32276824464760,398988974061,548229100,1491094975154,0,221554262398,6783586880000,6783586880000,435530138322,374475950305,8217017165227,322019955850,1788546498680,893623994517,277675727104,249946553286,FPT,2026-02-10,VCI,2750000000.00,
FPT,2019,2,17849605068190,3081007361357,5892075944888,6452904237545,1508550852201,915066672199,12526152004774,0,6913929593779,,2347928008422,0,1708476939986,30375757072964,14570321210316,14116094162443,454227047873,15805435862648,15802685862648,786858519093.00,5367190230972,2492378126833,30375757072964,373533640166,50781019440,1580294933153,0,221229437401,6783586880000,6783586880000,278034243597,504493867819,7273258811787,313492610518,1354729415894,847143994517,168819882722,114090708904,FPT,2026-02-10,VCI,2750000000.00,
FPT,2019,1,16918516176002,2678204837715,5727896026412,5872491479218,1465488400196,1174435432461,11829804916473,79230652,6690492920734,,2289488224664,0,1352966950068,28748321092475,13215557898357,12709176054673,506381843684,15532763194118,15530013194118,670060405250.00,5912132278713,2443815265047,28748321092475,279126435406,925510658,1526103850227,0,226332643971,6136367720000,6136367720000,346870919847,627012826668,6585118717633,317464999633,998691329918,824643994517,180682775551,126032832385,FPT,2026-02-10,VCI,2750000000.00,
FPT,2018,4,18373436282760,3926316297829,5567995714107,6424005050090,1340687216347,1114432004387,11352494084644,392794707,6513735578258,,2202466649730,0,1351725531977,29725930367404,14963120976839,14432174582903,530946393936,14762809390565,14760059390565,667035271273.00,5289520781802,2301815230563,29725930367404,218427501076,910049188,1401302666378,0,223908928276,6136367720000,6136367720000,366793322852,418652248691,6603319589348,326017723180,988477952687,793360844792,164124620037,109788240926,FPT,2026-02-10,VCI,2750000000.00,
FPT,2018,3,17461655201328,3982145134665,5067136124622,5704790784580,1545244045730,1162339111731,10619213737485,0,5601853847035,,2000007909095,0,1648577505179,28080868938813,13916060196857,13360081506284,555978690573,14164808741956,14162058741956,631969693052.00,4776113278181,2292337007819,28080868938813,244173236292,0,1548591192845,0,167094186985,6136367720000,6136367720000,302022093735,611546728222,6716837131564,717504213182,892811476111,749521251289,147947456296,254769962478,FPT,2026-02-10,VCI,2750000000.00,
FPT,2018,2,16757931160407,4060090013409,4866280283759,5429554630371,1276158251807,1125847981061,9528214377917,0,5418766783628,,1925316091686,0,962335366522,26286145538324,12400576249250,11901667720854,498908528396,13885569289074,13882819289074,631969693052.00,4670505451280,2123891391702,26286145538324,235001535974,0,1279505398922,0,167077476888,6136367720000,6136367720000,404863295760,576244037368,5971944040829,0,854881589772,749364823537,139573642808,246396148990,FPT,2026-02-10,VCI,2750000000.00,
FPT,2018,1,15891378282225,3076144406971,4798538245584,5709635608502,1181169445667,1125890575501,9119541571431,0,5189934475460,,1850084969756,0,861998585534,25010919853656,11111083511698,10523957829819,587125681879,13899836341958,13897086341958,287829523052.00,6019674680916,1954162280226,25010919853656,277095606491,0,1184516592782,0,173708814233,5309611050000,5309611050000,491988687629,650265625121,4993557964115,0,822692250912,749294842700,140394461510,247216967692,FPT,2026-02-10,VCI,2750000000.00,
FPT,2017,4,16053004009331,3480646512895,4379446212073,6162178597688,1002295093871,1028437592804,8972219294530,0,5264443175635,,1787122979757,0,872627203316,25025223303861,11790285012042,11129329088689,660955923353,13234938291819,13232188291819,287829523052.00,5507402652308,1809385579397,25025223303861,95942796039,0,1006126622804,0,172002871735,5309611050000,5309611050000,565209817637,561261495876,4116988708324,0,812192797375,749259852282,135643533423,242466039605,FPT,2026-02-10,VCI,2750000000.00,
FPT,2017,3,21767021262664,5224202887296,3477767956792,7317866840669,4394372633733,1352810944174,7926685854116,0,4905909566853,,785373395694,0,1079361613025,29693707116780,16659920638433,15768899724110,891020914323,13033786478347,13031036478347,119453610000.00,4930835458165,2403256247224,29693707116780,509660848671,0,4439874335978,0,128954169510,5309611050000,5309611050000,666028478383,605986311096,7916804619692,0,1004747975953,749270143582,211226543616,319077395388,FPT,2026-02-10,VCI,2750000000.00,
FPT,2017,2,20220919501796,4577961502901,3361115859529,6816083732794,4178402190496,1287356216076,7824884427172,0,4750596377970,,795947354918,0,1041132683512,28045803928968,15895578198903,14738301728092,1157276470811,12150225730065,12147475730065,119453610000.00,4309032623346,2144162072539,28045803928968,503241685841,0,4232635876808,0,129518486984,5309611050000,5309611050000,967277281663,547311184469,7887844050852,0,962421353611,751374260101,202563920646,310414772418,FPT,2026-02-10,VCI,2750000000.00,
FPT,2017,1,20264901139315,4035911405009,4208375623745,5914799777521,4835067582313,1270746750727,7739026250157,0,4472327146696,,814313827706,0,1049795330102,28003927389472,16023450273063,14835525527653,1187924745410,11980477116409,11977727116409,56882670000.00,5019457117921,2029550890382,28003927389472,438780412556,0,4892326445708,0,130632143747,4594266840000,4594266840000,1018757872462,574341969779,8894176678529,0,960396905052,752562393141,197384011719,386010703491,FPT,2026-02-10,VCI,2750000000.00,
FPT,2016,4,22082043377930,5530631337393,3975682395024,6814501442288,4532523674211,1228704529014,7830410830267,0,4581152271885,,805462009802,0,1096888215960,29912454208197,18464443603082,17471939662823,992503940259,11448010605115,11445260605115,0.00,4671222532503,1922952382942,29912454208197,614622803831,0,4595745337778,0,126825173804,4594266840000,4594266840000,764018642492,619738720597,9175453147807,0,1007526108358,756802393141,152655954811,341282646583,FPT,2026-02-10,VCI,2750000000.00,
FPT,2016,3,18913791763597,4675450843741,2907899775232,5779937142113,4465072599458,1085431403053,7484135769767,0,4472559218947,,747707523862,0,995918462220,26397927533364,15434638528758,14346984961480,1087653567278,10963289004606,10960539004606,0.00,4250545485178,1904655208078,26397927533364,517158761716,0,4564524570864,0,68353080804,4594266840000,4594266840000,797143763677,491707613042,7732115769330,0,913512661074,683430917721,155282077297,343908769069,FPT,2026-02-10,VCI,2750000000.00,
FPT,2016,2,17801376676329,3875543217939,2736219157412,5342237880621,4693664582214,1153711838143,7543128306561,0,4485984585934,,739068597834,0,1071373006709,25344504982890,14434112158621,13305699676988,1128412481633,10910392824269,10907642824269,0.00,4249998740248,1840324148307,25344504982890,387447591247,0,4774409637783,0,74545823741,4594266840000,4594266840000,854443052022,462307513060,7461561358475,0,896082789432,653932954088,175747621014,364224312786,FPT,2026-02-10,VCI,2750000000.00,
FPT,2016,1,17461658575148,3429950285189,2223028355804,4955476177915,5088588279987,1764615476253,7233794788358,0,4386355015955,,687941279267,0,1027999138680,24695453363506,14052382733258,12948092792816,1104289940442,10643070630248,10640320630248,0.00,4732993382785,1708194645592,24695453363506,239367055862,0,5167886929063,0,79481602212,3975316400000,3975316400000,791606072465,448010225764,7381113092311,0,863111812153,586335847019,166415493041,354892184813,FPT,2026-02-10,VCI,2750000000.00,
FPT,2015,4,19209379831470,3584709151768,2659240824447,5720742057077,5278907642802,1965780155376,6773824789251,0,4331209412185,,689880790535,0,1007687484980,25983204620721,15804967695555,14804950680266,1000017015289,10178236925166,10175486925166,0.00,4386921053111,1592194992858,25983204620721,245703622820,0,5342839679944,0,79748336612,3975316400000,3975316400000,681199048432,410040018332,8124598534499,0,791017761199,610236272675,168590091636,114739263408,FPT,2026-02-10,VCI,2750000000.00,
FPT,2015,3,16827486019097,3015692853195,1912645754176,5278432468253,4738188245711,1882526697762,6849675532914,0,4777790179794,,785343869533,315879176703,970662306884,23677161552011,13704990939996,13006055040834,698935899162,9972170612015,9969420612015,0.00,4260207462217,1537494021384,23677161552011,564233292270,0,4794388751194,96873244761,78776566683,3975316400000,3975316400000,519455092705,616530102872,7123584157075,0,707275398374,695530614296,0,0,FPT,2026-02-10,VCI,2750000000.00,
FPT,2015,2,16240764508172,2991140629461,1243877434176,5386005932759,4810242901708,1809497610068,6340841830217,0,4379080970346,,787760786572,321642932683,852357140616,22581606338389,12657393909105,12339405503283,317988405822,9924212429284,9921462429284,0.00,4301117961403,1440139812996,22581606338389,575037755766,0,4886284578114,115414392136,79577834395,3975316400000,3975316400000,137329926616,574130962313,6203353547591,0,624616478052,695254807470,0,0,FPT,2026-02-10,VCI,2750000000.00,
FPT,2015,1,16319850549250,3995053828972,899876331275,4906678690700,4837488741165,1680752957138,5886209643197,0,3992554483246,,798044036973,327406688663,754784367292,22206060192447,12362567785624,11843484471978,519083313646,8380860246563,8378110246563,0.00,4708239743575,0,22206060192447,737651388801,0,4904241036142,32867657464,81269289338,3439766000000,3439766000000,171743031342,607423352524,6745213941326,0,533631265450,698151894475,64824149455,13420067023,FPT,2026-02-10,VCI,2750000000.00,
FPT,2014,4,16961911296831,4303014447769,1474754664176,5031916385083,4572636184140,1579589615663,5697774385606,0,3837788188637,,796508947186,333170444644,730306805139,22659685682437,13405222234146,13062886453488,342335780658,7909989732017,7907239732017,0.00,4264798328686,0,22659685682437,400189196061,0,4652333244983,31785859896,79400040851,3439766000000,3439766000000,142418459294,478420174874,6722412217259,0,523437534683,703175738859,0,0,FPT,2026-02-10,VCI,2750000000.00,
FPT,2014,3,14847358003570,4106773475086,721521969131,4731525520762,3982545424277,1304991614314,5098384624455,0,3348901244635,,716721207685,333170444644,698481962966,19945742628025,10987860178518,10670683564603,317176613915,7628831128801,7626081128801,0.00,3973441621590,0,19945742628025,413195395283,0,4009497638751,51790646591,88984798522,3439766000000,3439766000000,109847759172,639669770180,5139562464489,0,501582942504,658779251996,1109764525,1109764525,FPT,2026-02-10,VCI,2750000000.00,
FPT,2014,2,12729371523841,2392462293952,1169418719131,4448975490126,3575971110742,1142543909890,5037030653242,0,3364983373051,,712241860447,231508275153,727187380066,17766402177083,8885204838350,8600723839409,284480998941,7587817554569,7585067554569,0.00,3893405602507,0,17766402177083,334804075137,0,3598778861526,50630093906,85601157710,3439766000000,3439766000000,84199226418,534104748878,3851104121850,0,550349959522,662196137428,1109764525,1109764525,FPT,2026-02-10,VCI,2750000000.00,
FPT,2014,1,12668499994146,3123048999108,861819209993,4148976921805,3510656432275,1023998430965,4777748478666,0,3158962029348,,713957792446,231508275153,672210617194,17446248472812,8710119727088,8412878515585,297241211503,7574002979592,7571252979592,0.00,4566890880858,0,17446248472812,328895497833,0,3528270509274,39638216995,82608208245,2752017550000,2752017550000,103542976927,504458122882,4387939070610,0,507135685882,662559886406,1109764525,1109764525,FPT,2026-02-10,VCI,2750000000.00,
FPT,2013,4,12954620887356,2487189282572,1682449364921,4428870730921,3382873878237,973237630705,4663305002078,0,3053575810122,,706727341936,231508275153,670280910342,17617925889434,9363077720250,9075738590861,287339129389,7209655885445,7206905885445,0.00,4199929897218,0,17617925889434,199630390710,0,3407798509666,27609020471,78666938875,2752017550000,2752017550000,93710165255,374759654082,4128330419004,0,511711029489,663468944666,1212664525,1212664525,FPT,2026-02-10,VCI,2750000000.00,
FPT,2013,3,11269784456021,2292011717347,1204185104297,4064949694207,2838444481728,870193458442,4439276954827,0,2939621416417,,713765714819,231508275153,553146283913,15709061410848,7660120055343,7378687410062,281432645281,6904108800408,6901358800408,-823760000.00,3902593145403,0,15709061410848,315728309171,0,2856653454123,33800208658,67103009261,2752017550000,2752017550000,86430121456,504615008416,3569694650987,0,407484621863,663475119446,1235264525,1235264525,FPT,2026-02-10,VCI,2750000000.00,
FPT,2013,2,11274078330983,2156011854467,1356939558182,3895289568307,3007881319441,857956030586,4249318985038,0,2798353183423,,710763989061,216366360783,522590366996,15523397316021,7428090800791,7169969084086,258121716705,6989817549960,6987067549960,0.00,3987762587400,0,15523397316021,289800517767,0,3036100467433,42746703764,67103009261,2752017550000,2752017550000,48051359386,341586970541,3475762416400,0,384147569881,663508051604,1245084775,1245084775,FPT,2026-02-10,VCI,2750000000.00,
FPT,2013,1,9906638187586,1928204362705,812059551953,3377675283779,3007449666442,781249322707,4152376684146,0,2744794872201,,710413686063,216366360783,479556680324,14059014871732,6523997560218,6285132947847,238864612371,6528837986653,6526087986653,0.00,3539635192653,0,14059014871732,323823713352,0,3016025003643,30132492958,67103009261,2738488330000,2738488330000,30916960753,380051351636,2830896536799,0,351902166157,663401022090,1245084775,1245084775,FPT,2026-02-10,VCI,2750000000.00,
FPT,2007,2,3422271274396,681282901927,0,1623727713214,938978767209,178281892046,446472993927,0,358122173854,,67795852500,0,20554967573,3868744268323,1741905477782,1653563596251,88341881531,1922041717461,1919409176236,0.00,449152878336,0,3868744268323,204338201049,0,938978767209,26228914352,102303019,912153440000,912153440000,75644767563,128354729745,836667311302,0,19252875598,16500000000,0,0,FPT,2026-02-10,VCI,2632541225.00,
FPT,2007,1,2947790658881,511180166408,0,1465611066630,838245475956,132753949887,361205829428,0,324037209642,,17795852500,0,19272767286,3308996488309,1477624120331,1362684634871,114939485460,1687341827536,1676205771880,0.00,494297190087,144030540442,3308996488309,182485575748,0,838245475956,12733108706,13006998956,608102300000,608102300000,105150885460,132120145529,562019120476,0,18265449546,16500000000,100000000,100000000,FPT,2026-02-10,VCI,11136055656.00,
VIC,2025,4,660924812000000,73526497000000,8253330000000,257058692000000,206993940000000,115092353000000,460532216000000,1546164000000,194150775000000,19714879000000.00,39623386000000,0,54401563000000,1121457028000000,970001804000000,592409830000000,377591974000000,151455224000000,151455224000000,15306530000000.00,55668366000000,2819223000000,1121457028000000,84801731000000,8438394000000,218339351000000,96636385000000,0,77060310000000,77334919000000,221434236000000,139356585000000,113955484000000,3955994000000,9249236000000,32104649000000,18864737000000,21114307000000,VIC,2026-02-10,VCI,0.00,3081207000000.00
VIC,2025,3,590641891000000,72150719000000,7918430000000,267274537000000,185624958000000,57673247000000,497228434000000,11892765000000,185370711000000,18934011000000.00,32709444000000,0,109926939000000,1087870325000000,925966426000000,557896380000000,368070046000000,161903899000000,161903899000000,15306530000000.00,52505390000000,16193864000000,1087870325000000,72962931000000,24092071000000,199871279000000,39384463000000,0,38530155000000,38804764000000,204805693000000,154865321000000,117122101000000,4097359000000,9212159000000,24743866000000,12733642000000,25550797000000,VIC,2026-02-10,VCI,0.00,3411935000000.00
VIC,2025,2,529134246000000,74759825000000,9592662000000,254128765000000,135055347000000,55597647000000,429101195000000,22880838000000,184762254000000,11603410000000.00,31399347000000,0,45416514000000,958235441000000,799543551000000,512360784000000,287182767000000,158691890000000,158691890000000,15306530000000.00,51052527000000,14336935000000,958235441000000,59998585000000,20180389000000,149377545000000,39184133000000,0,38236616000000,38785833000000,156309167000000,106640102000000,122630037000000,4238916000000,9225455000000,23026722000000,9701525000000,33675384000000,VIC,2026-02-10,VCI,0.00,3806580000000.00
VIC,2025,1,372183892000000,32491938000000,7480260000000,179643132000000,110814852000000,41753710000000,451086356000000,29615230000000,180969752000000,12770851000000.00,26832752000000,0,25912728000000,823270248000000,665817661000000,440710635000000,225107026000000,157452587000000,157452587000000,15306530000000.00,51447113000000,13026603000000,823270248000000,52193588000000,512206000000,124925405000000,27803173000000,0,38236616000000,38785833000000,149589087000000,90162798000000,98216347000000,4378934000000,8468210000000,19407044000000,58258943000000,89374815000000,VIC,2026-02-10,VCI,0.00,3720189000000.00
VIC,2024,4,396479911000000,42582366000000,8718884000000,190046565000000,114090183000000,41041913000000,440123992000000,23359127000000,182943333000000,13033418000000.00,27060860000000,0,21164104000000,836603903000000,682769422000000,505292040000000,177477382000000,153834481000000,153834481000000,15306530000000.00,44468350000000,16437647000000,836603903000000,40937213000000,1478525000000,127068459000000,25937361000000,0,38236616000000,38785833000000,129041914000000,138374890000000,95189145000000,4517414000000,8641393000000,19388427000000,57573484000000,82564248000000,VIC,2026-02-10,VCI,0.00,3688998000000.00
VIC,2024,3,423990500000000,27040242000000,6424590000000,217470663000000,128229866000000,44825139000000,367483444000000,2854876000000,186833298000000,15067665000000.00,23657660000000,0,17246291000000,791473944000000,627217065000000,470411783000000,156805282000000,164256879000000,164256879000000,15306530000000.00,41791856000000,29427206000000,791473944000000,38449157000000,10684528000000,139923090000000,29946013000000,0,38236616000000,38785833000000,115120855000000,97033850000000,96768964000000,1660480000000,7821923000000,16092357000000,11375130000000,15381144000000,VIC,2026-02-10,VCI,0.00,3600189000000.00
VIC,2024,2,351053988000000,28565428000000,4219258000000,168284080000000,106890810000000,43094412000000,371076200000000,15415355000000,184376245000000,16709756000000.00,30220404000000,0,12358292000000,722130188000000,559830905000000,414505239000000,145325666000000,162299283000000,162299283000000,15306530000000.00,36489289000000,32722567000000,722130188000000,36456365000000,2186313000000,118493519000000,28812013000000,0,38236616000000,38785833000000,111176545000000,69213109000000,110794386000000,1714600000000,7761315000000,16926510000000,11418442000000,27769220000000,VIC,2026-02-10,VCI,0.00,0.00
VIC,2024,1,350049998000000,26653084000000,4416936000000,177746167000000,99346636000000,41887175000000,343898795000000,2414656000000,175829606000000,15899295000000.00,33296747000000,0,9754046000000,693948793000000,536196058000000,394383059000000,141812999000000,157752735000000,157752735000000,15306530000000.00,36490377000000,27382060000000,693948793000000,37812849000000,11170022000000,109769644000000,28812013000000,0,38236616000000,38785833000000,106799696000000,52093288000000,119716720000000,403879000000,6243034000000,23947574000000,7833580000000,10997880000000,VIC,2026-02-10,VCI,0.00,0.00
VIC,2023,4,342609157000000,29289535000000,5671500000000,165398901000000,92730270000000,49518951000000,327007916000000,1147876000000,159594207000000,38210694000000.00,15252380000000,0,10246711000000,669617073000000,521595497000000,386669534000000,134925963000000,148021576000000,148021576000000,22021072000000.00,21809007000000,26468350000000,669617073000000,34411258000000,7637650000000,102504620000000,35843634000000,0,38236616000000,38785833000000,98789828000000,44000286000000,114522806000000,492625000000,5566420000000,13892460000000,5953109000000,7829676000000,VIC,2026-02-10,VCI,0.00,0.00
VIC,2023,3,298026710000000,16882015000000,7369738000000,152023108000000,83672447000000,38079402000000,327360635000000,518826000000,147864388000000,39451116000000.00,11014438000000,0,10104960000000,625387345000000,478444829000000,344773342000000,133671487000000,146942516000000,146942516000000,22020365000000.00,23428624000000,24077179000000,625387345000000,36512248000000,9426913000000,91859083000000,25299696000000,0,38139356000000,38688573000000,98292858000000,46585028000000,95183876000000,571009000000,6366189000000,9627698000000,6312876000000,7416267000000,VIC,2026-02-10,VCI,0.00,0.00
VIC,2023,2,279229101000000,18445846000000,4919214000000,144449651000000,84742609000000,26671781000000,319948038000000,5818300000000,143635620000000,39780799000000.00,10657937000000,0,10148849000000,599177139000000,461474523000000,338939145000000,122535378000000,137702616000000,137702616000000,18481872000000.00,17279082000000,24708835000000,599177139000000,34245504000000,4723802000000,92250092000000,14865254000000,0,38139356000000,38688573000000,89096108000000,60718449000000,86955653000000,636024000000,6362514000000,9250972000000,6194244000000,14153728000000,VIC,2026-02-10,VCI,0.00,9892369000000.00
VIC,2023,1,291950102000000,17449584000000,7151127000000,149222786000000,91911380000000,26215225000000,304927080000000,2491207000000,135367481000000,39607843000000.00,10228952000000,0,9571811000000,596877182000000,460565227000000,316175727000000,144389500000000,136311955000000,136311955000000,18481872000000.00,15463409000000,25048317000000,596877182000000,38536483000000,8104630000000,99659336000000,14268865000000,0,38139356000000,38688573000000,114346529000000,69296654000000,64421582000000,700469000000,6287383000000,9246752000000,5770239000000,10051662000000,VIC,2026-02-10,VCI,0.00,9826651000000.00
VIC,2022,4,272222529000000,26209213000000,4367612000000,117446829000000,98527655000000,25671220000000,302584761000000,2486207000000,122908696000000,38400267000000.00,11170860000000,0,8920254000000,574807290000000,439194193000000,296551641000000,142642552000000,135613097000000,135613097000000,18481872000000.00,14009307000000,25915402000000,574807290000000,38926568000000,8257466000000,103707060000000,13300057000000,0,38139356000000,38688573000000,120091950000000,74825233000000,48068184000000,764567000000,5642485000000,10707516000000,645829000000,10020595000000,VIC,2026-02-10,VCI,0.00,9866970000000.00
VIC,2022,3,269408836000000,26449568000000,2196725000000,129462314000000,85750571000000,25549658000000,286162181000000,760000000000,114594496000000,39287565000000.00,10535545000000,0,8553436000000,555571017000000,418345604000000,286327011000000,132018593000000,137225413000000,137225413000000,18481872000000.00,14947729000000,26462392000000,555571017000000,44267122000000,16414064000000,91632929000000,13998301000000,0,38139356000000,38688573000000,109703346000000,72443004000000,62819714000000,848710000000,5204514000000,10244970000000,578058000000,8226617000000,VIC,2026-02-10,VCI,0.00,9975926000000.00
VIC,2022,2,257499676000000,42208684000000,6096584000000,104422003000000,80978106000000,23794299000000,271458225000000,1000000000,113397188000000,39659054000000.00,10523548000000,0,8499494000000,528957901000000,396914172000000,264119744000000,132794428000000,132043729000000,132043729000000,18481872000000.00,9873003000000,26380160000000,528957901000000,37192055000000,15694064000000,85863413000000,13998311000000,0,38139356000000,38688573000000,110949499000000,62718522000000,45924301000000,958706000000,5209615000000,10200737000000,426196000000,7393553000000,VIC,2026-02-10,VCI,0.00,9714070000000.00
VIC,2022,1,169506762000000,15241944000000,3648828000000,83585995000000,52375294000000,14654701000000,271859761000000,840000000000,127068186000000,38162022000000.00,10313117000000,0,7481974000000,441366523000000,306808076000000,148450387000000,158357689000000,134558447000000,134558447000000,18481872000000.00,6487625000000,32215228000000,441366523000000,30163319000000,13892113000000,54514850000000,5881540000000,0,38139356000000,38688573000000,109348630000000,18973690000000,30199211000000,1036814000000,5370221000000,9305815000000,555175000000,1395175000000,VIC,2026-02-10,VCI,0.00,9518301000000.00
VIC,2021,4,163350836000000,19653270000000,6758243000000,74342928000000,50910386000000,11686009000000,263973098000000,455249000000,130455105000000,35128444000000.00,9151771000000,0,8334919000000,427323934000000,268177346000000,144444929000000,123732417000000,159146588000000,159146588000000,18481872000000.00,3897264000000,59500115000000,427323934000000,21767291000000,14824123000000,53074286000000,2895599000000,0,38052148000000,38675533000000,102180175000000,22352075000000,20035038000000,1859464000000,5806361000000,8831485000000,143707000000,598956000000,VIC,2026-02-10,VCI,0.00,9550120000000.00
VIC,2021,3,180400355000000,21262502000000,7601808000000,83792891000000,55382094000000,12361060000000,253202280000000,713250000000,123390828000000,34584614000000.00,7264511000000,0,10432560000000,433602635000000,269305555000000,148238154000000,121067401000000,164297080000000,164297080000000,18481872000000.00,3670170000000,64865034000000,433602635000000,20028857000000,14583666000000,57978250000000,3671599000000,0,38052148000000,38675533000000,102280509000000,29008286000000,26628727000000,2036798000000,7256790000000,6852073000000,357177000000,1070427000000,VIC,2026-02-10,VCI,0.00,9529823000000.00
VIC,2021,2,167653553000000,23302535000000,10327516000000,64858568000000,56696855000000,12468079000000,251294495000000,2580500000000,126706848000000,34349500000000.00,7126676000000,0,10598792000000,418948048000000,274560500000000,159335062000000,115225438000000,144387548000000,144387548000000,7235206000000.00,8881396000000,55154462000000,418948048000000,18101577000000,12882666000000,58901807000000,4320808000000,0,33824306000000,34447691000000,105405709000000,37293446000000,32767397000000,2229284000000,7082575000000,6702715000000,357711000000,2938211000000,VIC,2026-02-10,VCI,0.00,0.00
VIC,2021,1,162828936000000,23042288000000,5969254000000,59565070000000,62787770000000,11464554000000,257003769000000,5938500000000,125039799000000,34418773000000.00,7424927000000,0,12250583000000,419832705000000,280058250000000,162523560000000,117534690000000,139774455000000,139774455000000,7235206000000.00,6428726000000,58523318000000,419832705000000,17743218000000,7804268000000,64183158000000,3058624000000,0,33824306000000,34447691000000,98827099000000,34851877000000,34038016000000,2371491000000,7700159000000,6930517000000,1483208000000,7421708000000,VIC,2026-02-10,VCI,0.00,5503265000000.00
VIC,2020,4,164454221000000,28175943000000,11763511000000,55764939000000,57224825000000,11525003000000,259813564000000,6015000000000,125080437000000,34965684000000.00,7413792000000,0,13176930000000,424267785000000,288510783000000,174675122000000,113835661000000,135757002000000,135757002000000,7235206000000.00,4089007000000,56769798000000,424267785000000,18340419000000,8539910000000,58259220000000,3134972000000,0,33824306000000,34447691000000,98309224000000,37196791000000,26849120000000,2523804000000,8169982000000,4576668000000,1220669000000,7235669000000,VIC,2026-02-10,VCI,0.00,5505646000000.00
VIC,2020,3,182768718000000,30288635000000,4987739000000,58665039000000,72027916000000,16799389000000,247241896000000,5371000000000,120698373000000,33422672000000.00,13240747000000,0,10661691000000,430010614000000,305459007000000,183306409000000,122152598000000,124551607000000,124551607000000,7235206000000.00,7211234000000,42455716000000,430010614000000,16284325000000,10285997000000,73829548000000,8351044000000,0,33824306000000,34447691000000,107564345000000,44251546000000,30629236000000,1917072000000,6734036000000,9552258000000,1132227000000,6503227000000,VIC,2026-02-10,VCI,0.00,5518344000000.00
VIC,2020,2,185917400000000,26969148000000,870606000000,62466261000000,82724131000000,12887254000000,241266647000000,5385970000000,119489039000000,33207072000000.00,12450799000000,0,10191839000000,427184047000000,303486797000000,192732567000000,110754230000000,123697250000000,123697250000000,7235206000000.00,6305909000000,42509188000000,427184047000000,17507318000000,11148978000000,84917536000000,4487177000000,0,33824306000000,34447691000000,96280752000000,50315233000000,42123105000000,2094681000000,6646274000000,10361992000000,1027927000000,6413897000000,VIC,2026-02-10,VCI,0.00,5516245000000.00
VIC,2020,1,189221713000000,10999921000000,9483443000000,60437375000000,84452449000000,23848525000000,224391138000000,916620000000,114066902000000,33081926000000.00,5985927000000,0,10887494000000,413612851000000,291500509000000,189055700000000,102444809000000,122112342000000,122112342000000,7235206000000.00,2934433000000,44294382000000,413612851000000,17955010000000,16101377000000,86640801000000,13341952000000,0,33824306000000,34447691000000,83793105000000,52583702000000,42353364000000,2200462000000,7262442000000,3885538000000,249478000000,1166098000000,VIC,2026-02-10,VCI,0.00,10458341000000.00
VIC,2019,4,201493474000000,18488606000000,10419573000000,68076284000000,83273298000000,21235713000000,207079197000000,907650000000,108679270000000,33546796000000.00,4671124000000,0,10856808000000,408572671000000,287972083000000,183615768000000,104356315000000,120600588000000,120600588000000,7235206000000.00,7757874000000,44172327000000,408572671000000,19279650000000,21322039000000,85402745000000,12863952000000,0,33685755000000,34309140000000,86480517000000,52381513000000,31044532000000,2181810000000,6985630000000,1706242000000,235398000000,1143048000000,VIC,2026-02-10,VCI,0.00,10259215000000.00
VIC,2019,3,166285993086361,16526657094574,879925574841,64302652242636,77341470740345,7235287433965,190873242790586,66650000000,79447014055939,28693657790892.00,4673236225345,0,13547979543319,357159235876947,231751079032904,151188430465008,80562648567896,125408156844043,125408156844043,7235205990828.00,5127322914526,48489593133905,357159235876947,27254170150508,17493009106330,78174972209679,1008827875074,0,33459353890000,34299353890000,63037914450280,38194446764944,33803461524653,3602660255910,8113489640498,1512615516552,352863734772,419513734772,VIC,2026-02-10,VCI,0.00,10264070778943.00
VIC,2019,2,163522165245209,23549297107100,1050958199431,73341336346951,49297331550115,16283242041612,174833726505225,66650000000,79081862102633,28258662091257.00,5420768174178,0,14542221345268,338355891750434,212134512079406,125574372939809,86560139139597,126221379671028,126221379671028,7235205990828.00,8653759536817,45745621291964,338355891750434,25971950378443,4645509106330,50062459254646,11402586412830,0,33459353890000,34299353890000,68906450232545,28190817616758,23112984974306,3778001076205,7538961288394,1749917700319,403756044968,470406044968,VIC,2026-02-10,VCI,0.00,10284997394987.00
VIC,2019,1,153900473523258,7441890315078,1845851929698,78463042610957,55827435337602,10322253329923,160225180193050,55000000000,50921653119491,25895578408415.00,6122513102924,0,12851270082019,314125653716308,211752772145368,123932777511927,87819994633441,102372881570940,102372881570940,7235205990828.00,6468691109246,47416312629152,314125653716308,31610113339576,4346524106330,56032008069399,5072422882128,0,31916212300000,32756212300000,69906218241843,32666396275187,22197134376642,4394384756670,5547372654217,1612138347237,292031334399,347031334399,VIC,2026-02-10,VCI,0.00,10225743672677.00
VIC,2018,4,132457316789570,13558510960848,1951597849480,48316265888486,53205960623623,15424981467133,156647779954035,4505000000000,47270468873063,28880200692994.00,6090552704984,0,10076131934724,289105096743605,190046044262483,110666924217531,79379120044952,99059052481122,99059052481122,7235205990828.00,4824798066710,45732014278946,289105096743605,19386853427592,627857439663,54113514894337,9610317572378,0,31916212300000,32756212300000,71976376885859,24728293712406,19115963139737,4125582972589,4403729161547,1594869498288,401359857879,4906359857879,VIC,2026-02-10,VCI,0.00,0.00
VIC,2018,3,128742276570646,15942086048860,1446121558696,55351270040756,45116873727956,10885925194378,139487875565474,58257497661,42870071167861,24590711488372.00,5844089740687,0,9698165067647,268230152136120,170119841630437,109882411951061,60237429679376,98110310505683,98110310505683,0.00,11145637673211,46007390314122,268230152136120,24120358680296,4526787942002,45466226838882,4108918382878,0,31916212310000,32756212310000,54447659960983,37986989392796,15041352547118,4214222244537,4082734077959,1252793290919,361244302977,419501800638,VIC,2026-02-10,VCI,0.00,0.00
VIC,2018,2,114930874060944,13304249477986,1509574585629,34734901263518,54358066771256,11024081962555,134074190681397,58257497661,40611261933569,22986763373299.00,5847292616501,0,9414211830401,249005064742341,162018499271028,110781117437547,51237381833481,86986565471313,86986565471313,5539132760000.00,10190920117679,45160346845284,249005064742341,18754900136920,5541880368968,54606787730906,4812020220991,0,26377079540000,26377079540000,35677379574618,39250958158446,12112214999898,4400293888271,3396849517081,1303193293918,9186079066736,9244336564397,VIC,2026-02-10,VCI,0.00,7317011298686.00
VIC,2018,1,96804413963610,7547647471744,1184473692918,28041326092597,49944951289330,10086015417021,126833422271009,81725938515,37151260573825,20256331696351.00,5813061509252,0,18907160883818,223637836234619,164171128050630,124907596401023,39263531649607,59466708183989,59466708183989,0.00,7111134214920,26264408220719,223637836234619,12810631293464,5728839828536,50310572458397,4006282050378,0,26377079540000,26377079540000,31320449128443,49715616810735,23847580092618,4802297691844,3139697273599,1186193290918,298746205651,380472144166,VIC,2026-02-10,VCI,0.00,0.00
VIC,2017,4,100528907402875,8610503937845,203015859912,28978152968896,48615074256804,14122160379418,114326190623114,9257497663,35646902056243,17372961681177.00,6528162235221,0,8882272950130,214855098025989,162548919039784,124896668273191,37652250766593,52306178986205,52306178986205,0.00,5151847774308,21089872499982,214855098025989,10438753206842,7728268399963,48879371589513,8023966955293,0,26377079540000,26377079540000,31456562477905,56976376690771,17924743413096,5461583523561,3059312822219,2176054659423,469241005620,478498503283,VIC,2026-02-10,VCI,0.00,0.00
VIC,2017,3,100624617684472,6947208189094,300507409070,27652475974651,52179217204328,13545208907329,104313322252617,364400978855,29932578776239,17048800001885.00,5743347768912,0,10262099040044,204937939937089,155219857627641,114442105965023,40777751662618,49718082309448,49718082309448,0.00,1762487816387,22069350553690,204937939937089,9332803020483,7025192114249,52333290766785,7911691533588,0,26377079540000,26377079540000,34671898869703,60858054239594,11501639999569,7326763591379,2540948516606,2166246473235,411229711077,775630689932,VIC,2026-02-10,VCI,0.00,0.00
VIC,2017,2,93085693261025,9531328169866,88650535127,21594015620699,52372887201317,9498811734016,100676252819713,364400978855,28988806254170,16985051322578.00,5382959349475,0,11599844887415,193761946080738,150401707608165,112599254281753,37802453326412,43360238472573,43360238472573,0.00,860082549458,16435697186833,193761946080738,7707940752405,7108459038852,52531433075068,4227530001148,0,26377079540000,26377079540000,32779121080801,59164314080951,11327640756797,7632803865023,2502688228282,1935598636008,389492928956,753893907811,VIC,2026-02-10,VCI,0.00,0.00
VIC,2017,1,90043249067843,13699824350754,196569832758,17638753957935,50759812010281,7748288916115,97212463812450,1151326442901,26504026676894,17594839168449.00,4133827647117,0,10496777342960,187255712880293,144098188793320,102353099612649,41745089180671,43157524086973,43157524086973,0.00,298764254039,16918799515040,187255712880293,6235479702814,2873821386253,50841804103534,2138247489770,0,26377079540000,26377079540000,37982802980193,53135228215044,6798126803914,7953043395582,2218311091818,1820074455183,569472325332,1720798768233,VIC,2026-02-10,VCI,0.00,0.00
VIC,2016,4,70686264804718,9971285683831,494156904807,20887069777209,32045142734831,7288609704040,109119319302361,58989915115,25115925131602,18342385819490.00,3343675746991,0,11047883888429,179805584107079,135224264332172,97311503594905,37912760737267,44581319774907,44581319774907,0.00,446043742703,18196421207300,179805584107079,4814681595145,6228758638813,32133977525624,2860117449302,0,26377079540000,26377079540000,34157721480964,49514035931698,5379310813038,8482853940771,2306493560226,1610707431327,430246505512,489236420627,VIC,2026-02-10,VCI,0.00,0.00
VIC,2016,3,84004795434053,9653393353822,2984771571891,23107620255656,37731669124664,10527341128020,89229165809492,62559839164,23601509497846,15601371835646.00,7158821898909,0,9662412419309,173233961243545,131329367041259,83779893220821,47549473820438,41904594202286,41904594202286,0.00,164614443350,15833155964571,173233961243545,7487736810086,4100954022355,37870571415464,6447613667847,0,26377079540000,26377079540000,40276068681229,37829335485812,4484911311877,6635860335723,2835067079465,2151228934429,379957072671,442516911835,VIC,2026-02-10,VCI,0.00,0.00
VIC,2016,2,77943608451949,4871883290078,4621218612914,22641373254373,33629177612584,12179955682000,80221670191939,62559839165,23182763314476,15730377804379.00,12760210091207,0,9944627937265,158165278643888,113831187995559,72680858111232,41150329884327,44334090648329,44334090648329,0.00,490905094914,17936361759049,158165278643888,5390752134088,1589836789906,33758350871681,9075116281524,0,21532347920000,21532347920000,33939516448303,27128685866120,4874520126530,6887949205101,2848180292565,1894215762285,381599532937,444159372102,VIC,2026-02-10,VCI,0.00,0.00
VIC,2016,1,68546488948872,4680600576496,11011925902250,16299192326596,25331360593221,11223409550309,80375326524623,62559839165,21109246822305,17008072304104.00,10124482872815,0,12853162309716,148921815473495,107942531883962,64876114429936,43066417454026,40979283589533,40979283589533,0.00,2147791783204,15074352040207,148921815473495,7161917441983,2378999412802,25418871450575,8843173231654,0,19398548510000,19398548510000,36382485645320,20483274692981,3030850793969,8285217876950,1415124983620,3487165993681,426385396636,488945235801,VIC,2026-02-10,VCI,0.00,0.00
VIC,2015,4,66451288511822,7636578798711,10430239506903,13582321848787,26966061377808,7836086979613,79605423726007,62559839165,19702651975208,16810184034469.00,9698722572532,0,14616108141179,146056712237829,108603013144392,65390435906565,43212577237827,37453699093437,37453699093437,0.00,1378413815347,14543739126179,146056712237829,7258270074222,1763123912802,27024539524263,5667667304518,0,18681880870000,18681880870000,33176402695829,20975224126168,1400131037786,8605119027116,1755850963522,2882019433681,172877151099,234387981893,VIC,2026-02-10,VCI,0.00,2382401760582.00
VIC,2015,3,60726434232996,9895961264635,6268383881368,11091890342245,22485171401773,10985027342975,65207518612774,935232629265,13470843722064,14401324227839.00,3057575434788,0,11474866129235,125933952845770,94313930401127,54497874353235,39816056047892,31620022444643,31620022444643,0.00,1372657437874,9424103804417,125933952845770,4512857352626,2181951122702,22596206849127,8045208458134,0,18460745440000,18460745440000,30363195706045,15976190294631,3207003937066,6123021271058,1155224791535,1841292443945,176006735859,1111239365124,VIC,2026-02-10,VCI,0.00,3098596321186.00
VIC,2015,2,49448999265017,8828151979168,7154438377626,8316655685168,20907211559470,4242541663585,61180641495896,935232629265,12641270104407,14308762720789.00,2913522829524,0,12109784122703,110629640760913,79887370754761,39736531002684,40150839752077,30742270006152,30742270006152,0.00,5062878845048,8947219363916,110629640760913,3436726794774,2181951122702,20995115932785,2971713182970,0,14587886850000,14587886850000,30832991161347,7364181270583,3712297179585,6049631373641,1177772715015,1813291443945,116616345772,1051848975037,VIC,2026-02-10,VCI,0.00,3340471852595.00
VIC,2015,1,38940060857274,5399732443220,6137593854939,6722103517329,16027037034619,4653594007167,57116785120954,0,25333116126273,15586575219083.00,2851617470807,6014325131875,6196293050770,96056845978228,68107005347903,29085410242695,39021595105208,20828022444257,20828022444257,0.00,4652016273745,0,96056845978228,2613591460140,0,16113425265922,3867224188710,22845114930,14545550980000,14545550980000,32411832544961,5857714276686,3713895293411,0,1126024428532,1813191443945,1134858122146,1134858122146,VIC,2026-02-10,VCI,0.00,0.00
VIC,2014,4,31608846896530,7607513719673,6320171238968,2935913960384,11880287767169,2864960210336,58874117535910,0,27055304966786,15412109589913.00,4797144342211,6142918452874,5466640184126,90482964432440,63205460292318,19724033191154,43481427101164,20416465789413,20416465789413,0.00,4240459618900,0,90482964432440,1279790537669,0,11935183432936,1980171789480,0,14545550980000,14545550980000,32014819167101,6315231308535,1321194605718,0,1614089328827,3769649610841,0,0,VIC,2026-02-10,VCI,0.00,0.00
VIC,2014,3,36550263468338,5209108954978,7235314686306,4548163562289,13607211035291,5950465229474,46241674807211,0,21760091615152,14859073309138.00,3542468135179,4887476928394,1192564819348,82791938275549,55496405803121,18675297482344,36821108320777,18426424611027,18426424611027,0.00,3885576948082,0,82791938275549,2166475710228,0,13612624455291,5381930664710,0,14299574100000,14299574100000,29935405978219,7897538219504,1774522508624,0,1135916050022,2563629470812,0,0,VIC,2026-02-10,VCI,0.00,0.00
VIC,2014,2,42980597308088,6721056604833,6343541682038,4360459143521,15113687560623,10441852317073,41120387424323,0,15479146094710,16613350689150.00,3574905712045,4343600973631,1109383954787,84100984732411,60053993785075,25334333095147,34719660689928,17529274130658,17529274130658,0.00,9368573674599,0,84100984732411,1745518590559,0,15119100980623,10043517622681,0,9296385120000,9296385120000,28177693748351,10748134421469,4589317229193,0,1061436376854,2607062704599,0,0,VIC,2026-02-10,VCI,0.00,0.00
VIC,2014,1,40148556779479,8134099718214,6295009323855,3085495237156,16831365238900,5802587261354,38157816024068,0,15723347167042,13403131871710.00,3184593009108,4688955589269,1157788386939,78306372803547,57162449462163,23647758404558,33514691057605,15549593894476,15549593894476,0.00,8803605509494,0,78306372803547,1256263769228,0,16840303773247,5494359713788,0,9296385120000,9296385120000,26945016369843,13385758661471,3785525981021,0,1115758826964,2442233561481,0,0,VIC,2026-02-10,VCI,0.00,0.00
VIC,2013,4,37064962999598,7534048703295,5627408695820,6743895307006,15910267049224,1249343244253,37915380924173,0,14162574134312,13099658312013.00,4552095665414,4803912193646,1297140618788,74980343923771,56255152071513,21356173997596,34898978073917,17758824096352,17758824096352,3301163320000.00,7704433391370,0,74980343923771,1205236578116,0,15919205583571,888207902645,0,9296036790000,9296036790000,24360164494408,11856565285313,3023470785606,0,1253510264478,2725357458124,0,0,VIC,2026-02-10,VCI,0.00,0.00
VIC,2013,3,29979359131076,6269792833617,2327110874394,3509092573842,16660865204224,1212497644999,31601378069668,0,11270994515690,9303188330505.00,4980199915336,4914743004604,1132252303533,61580737200744,44878257785053,27006902612538,17871355172515,16398567573267,16398567573267,2829568560000.00,6882071828285,0,61580737200744,1616546687967,0,16669803738571,894643935530,0,9288068790000,9288068790000,17369312471254,18388900879823,2457528823792,0,1089702515397,4287536127079,0,0,VIC,2026-02-10,VCI,0.00,0.00
VIC,2013,2,31528576685563,2386537155551,3932751365965,3294891548516,19994105947377,1920290668154,27009581851557,0,13153121979638,4235107043027.00,3403332024304,5062212049391,1155808755197,58538158537120,43487131510245,25829828348309,17657303161936,14637821147073,14637821147073,0.00,5007365678008,0,58538158537120,1869705544468,0,20003044481724,1397704364174,0,9286327130000,9286327130000,17153571550333,18209706498626,1919175203719,0,1111976331575,1797313346647,0,0,VIC,2026-02-10,VCI,0.00,0.00
VIC,2013,1,31359745592337,4175172391881,1616386811709,3634656217361,19870376075499,2063154095887,27489280366662,0,11413043388497,6595132082243.00,3163614014112,5176406094178,1141084787632,58849025958999,47301714087216,29600327459084,17701386628132,10845724826082,10845724826082,0.00,1249529357017,0,58849025958999,1956607795820,0,19879314609846,1535155912187,0,9281450480000,9281450480000,17132806179885,18691813183076,6118400933620,0,1096715254403,1535550787227,0,0,VIC,2026-02-10,VCI,0.00,0.00
VIC,2008,2,4165811568897,550875285481,2876053338877,714250326732,16186359198,8446258609,1190711031161,0,440877819104,251809109298.00,206201245039,0,291822857720,5356522600058,3440824927924,382007105451,3058817822473,1800562014845,1800564064845,0.00,348436492345,0,5356522600058,65136058265,0,16186359198,1456981967,36454000,1199831560000,1199831560000,3000000000000,158818100,0,0,193743827935,53154577033,0,0,VIC,2026-02-10,VCI,-2050000.00,0.00
HPG,2025,4,103682043127964,8300890304205,19484412761405,15064703713293,52828227344442,8003809004619,154239538285186,0,133608057859977,528191122247.00,2248000000000,0,6695070415682,257921581413150,126701570536575,94208648920111,32492921616464,131220010876575,131220010876575,,51034812570467,2042101955279,257921581413150,1878084035938,0,52892273238885,0,1388437800829,76754658550000,76754658550000,27479194057074,862026330691,64694957245143,51513185419,6003368983150,0,248919079879,290327516308,HPG,2026-02-10,VCI,0.00,
HPG,2025,3,95425988115582,9092562739415,18903949054642,13727194725111,45623656431728,8078625164686,150745350172070,0,104711263391250,536668864862.00,300000000,0,5079772440151,246171338287652,118655326188383,83163272833172,35492053355211,127516012099269,127516012099269,,47288178774368,2078333532773,246171338287652,4219935549920,65061616439,45675711221795,0,1394841242128,76754658550000,76754658550000,28356095137594,619205121131,68482383626253,52097751283,4390536576181,0,825562606009,849788287676,HPG,2026-02-10,VCI,0.00,
HPG,2025,2,97613904938535,10688024277258,17584027436423,12334925649801,48853408114115,8153519460938,144610625980515,0,65302976358571,544375244149.00,0,0,5041262109917,242224530919050,119865026005768,86427453449629,33437572556139,122359504913282,122359504913282,,56176646414996,825515256158,242224530919050,2755989948090,97061616439,48900263257832,0,1394841242128,63962502000000,63962502000000,27312288660990,306667783670,66692028477152,57563156071,4338725174159,0,827053815447,900453913211,HPG,2026-02-10,VCI,0.00,
HPG,2025,1,88914195573724,7459035818129,16212510112252,10856053423195,46603844415849,7782751804299,139947392214583,0,85838135705767,552837241998.00,0,0,5015366006415,228861587788307,110864708699178,77298523955478,33566184743700,117996879089129,117996879089129,,52943588928234,295946918767,228861587788307,2349213570061,89561616439,46713899534932,0,794841242128,63962502000000,63962502000000,27256965869238,570631436241,61784512821075,60588141397,4261916994097,0,848015622228,920743791614,HPG,2026-02-10,VCI,0.00,
HPG,2024,4,86674276272995,6887646139852,18974716730905,7647800286988,46091222189472,7072890925778,137815431280986,0,67428366953514,559598463093.00,136500000000,0,5016848415359,224489707553981,109842249570282,75225243262689,34617006307593,114647457983699,114647457983699,,49599124109203,290990632368,224489707553981,2118824427004,87461616439,46192292081813,0,794841242128,63962502000000,63962502000000,27080443256096,739178306553,55882686213459,63613126723,4269141694868,0,840594835822,923400123614,HPG,2026-02-10,VCI,0.00,
HPG,2024,3,80841803394106,8500998079280,16386803148945,9140948029240,40197821463879,6615232672762,130544540534012,0,68475648874477,568026681070.00,136500000000,0,4642778670407,211386343928118,99607246691658,68995125104046,30612121587612,111779097236460,111779097236460,,46809218886586,189176035910,211386343928118,2948440731905,318461616439,40480715224028,0,818200313964,63962502000000,63962502000000,24517626484538,440576623880,54180722680952,66834062714,4347213561931,0,841682562478,1031145036427,HPG,2026-02-10,VCI,0.00,
HPG,2024,2,84466831221789,13032037853283,15314673148945,10392801855660,40163540620593,5563777743308,122142248509406,0,70018632033341,576450457500.00,136500000000,0,4874209747069,206609079731195,97932514837164,73551241248845,24381273588319,108676564894031,108676564894031,,43793278849369,102583730698,206609079731195,2112090222977,237461616439,40454441094217,0,818200313964,63962502000000,63962502000000,19674955314582,482276831033,53315313650059,69859048040,4612526104983,0,850381710697,1119456422036,HPG,2026-02-10,VCI,0.00,
HPG,2024,1,94032457790196,12428888036237,22271418573603,12105116296231,42714279935957,4512754948168,107907767738311,95351026613,71016027599296,585122402410.00,0,0,4817528271885,201940225528507,96315644955419,79314487942852,17001157012567,105624580573088,105624580573088,,43342850291239,104112551615,201940225528507,3486349652033,238584417297,42846344041978,0,818200313964,58147857000000,58147857000000,16080142067527,340776685682,61438295764670,72884033366,4558305203235,0,777913997306,1313739979740,HPG,2026-02-10,VCI,0.00,
HPG,2023,4,82716439173043,12267401160884,22161903502481,10702136439996,34504487406261,3080510663421,105066147390758,95351026613,72014494381617,593920277320.00,40000000000,0,4454004867718,187782586563801,84946167324422,71513492904733,13432674419689,102836419239379,102836419239379,,40593031662656,65769846489,187782586563801,2583940446585,203600000000,34628367844950,0,818200313964,58147857000000,58147857000000,10399119292481,741733890580,54981883180636,75909018692,4215007972679,0,781079548004,1880922130348,HPG,2026-02-10,VCI,0.00,
HPG,2023,3,78482566275784,9696669423876,19957222511116,12506103872593,33524022785325,2798547682874,95024445408788,95693561714,72782298055573,602718152230.00,40000000000,0,4241703068971,173507011684572,73641823428128,64117126047962,9524697380166,99865188256444,99865188256444,,37637957599031,72040463743,173507011684572,6382755770441,204293835516,33797441007167,0,819978707993,58147857000000,58147857000000,8744590378258,440272925867,49237590969260,78934004018,3940414512830,0,797360888746,893054450460,HPG,2026-02-10,VCI,0.00,
HPG,2023,2,84903568227057,13252855086239,22848207160936,14298660297800,32001578654651,2502267027431,91339753512384,101693561714,68933857375679,611516027140.00,700000000,0,4279545205102,176243321739441,78383030678319,68684638366804,9698392311515,97860291061122,97860291061122,,35628765721538,77020576327,176243321739441,7165317196380,198994978279,32260969330532,0,823554378850,58147857000000,58147857000000,8878939971816,474991364466,51748268155863,81958989344,4015522196267,700000000,797215116297,898908678011,HPG,2026-02-10,VCI,0.00,
HPG,2023,1,85412137003655,7868451566326,27420903628936,13830143965796,34306897157900,1985740684697,89996474170665,101693561714,69945445195200,620313902050.00,700000000,0,4126118803684,175408611174320,78970635902647,67898727221098,11071908681549,96437975271673,96437975271673,,34188742435682,91030609632,175408611174320,7615042397537,202288720958,34594927921769,0,825685286648,58147857000000,58147857000000,10304996868419,308803858657,50354261925455,84983974670,3812194108908,700000000,797286302189,898979863903,HPG,2026-02-10,VCI,0.00,
HPG,2022,4,80514710854455,8324588920227,26268246676354,9892869502308,34491111096123,1537894659443,89820810782676,101693561714,70832915657865,629111776960.00,700000000,0,4100323979117,170335521637131,74222582021348,62385392809685,11837189211663,96112939615783,96112939615783,,33833829973987,105562146315,170335521637131,5366254068739,124200000000,35727277739296,0,834782434216,58147857000000,58147857000000,11151651204402,860793139245,46748670400471,88008959996,3929243956403,700000000,792790894665,894484456379,HPG,2026-02-10,VCI,0.00,
HPG,2022,3,96870553001623,11881408346665,27029902625837,12007503450736,43880267448945,2071471129440,86934558142575,107320214500,71724752157800,524941086150.00,533221643835,0,3550287056630,183805111144198,85729628216342,72529758653352,13199869562990,98075482927856,98075482927856,,35825427344474,112205547137,183805111144198,6201220324465,195948347214,44779256645900,0,811606247382,58147857000000,58147857000000,12629305426051,655008097406,52871495029424,32630950665,3512918448027,700000000,792406327115,899726541615,HPG,2026-02-10,VCI,0.00,
HPG,2022,2,120220561631693,20325198022112,24440598374838,14321534634657,57554102163500,3579128436586,87276066459169,112211774500,70059409042323,532671070016.00,1048221643835,0,4258016901270,207496628090862,107581226941887,93614175927244,13967051014643,99915401148975,99915401148975,,51018268839745,123819872546,207496628090862,6754064543180,197299190000,58316585193363,0,850481003264,44729227060000,44729227060000,13443161725051,1629331194548,56575628198553,34127950665,3882471854263,700000000,696764044889,808975819389,HPG,2026-02-10,VCI,0.00,
HPG,2022,1,100439719965356,19060014590301,27249295250368,12128156547984,40036170600581,1966082976122,85407389229115,117332137560,70214481078887,540135374989.00,520794794048,0,3896987471493,185847109194471,86889171231434,72447609869307,14441561362127,98957937963037,98957937963037,,49982300098270,144689613676,185847109194471,5490803643623,76724162500,40223396456992,0,877817304122,44729227060000,44729227060000,13921989392311,991916695056,46260963681821,35624950665,3479886459580,700000000,693905159483,811237297043,HPG,2026-02-10,VCI,0.00,
HPG,2021,4,94154411120305,22471375562130,18236152616078,7662232268645,42134493932211,3650156741241,84081562709943,118401369280,69280841784004,548210755123.00,6715955617,0,3418674331681,178235973830248,87455796846810,73459315876441,13996480970369,90780176983438,90780176983438,,41762977442911,154788720987,178235973830248,1721923295278,23521740500,42370012405545,0,923549304122,44729227060000,44729227060000,13464931998700,788002603134,43747643082356,37121950665,2852196650370,700000000,690833578689,809234947969,HPG,2026-02-10,VCI,0.00,
HPG,2021,3,95958382276120,13376486099355,21440678216078,10856205170508,46006414493653,4278598296526,78684891855544,136126636800,68157059900455,554952987478.00,30722142966,0,2490535248440,174643274131664,90317590122165,71995624227147,18321965895018,84325684009499,84325684009499,,35275203852272,189331368214,174643274131664,2830315706709,0,46072215379496,0,928641612156,44729227060000,44729227060000,17710867201107,794628772023,43356751775423,38618950665,1841908886669,700000000,580917362125,717043998925,HPG,2026-02-10,VCI,0.00,
HPG,2021,2,82425689816656,14644183731657,17182805095788,7946101345417,39803824314074,2848775329720,77383461382038,156506924800,67685103108103,563252704950.00,23058078444,0,2431308504065,159809151198694,85824712100939,69333019977602,16491692123337,73984439097755,73984439097755,,24924970345533,184026250345,159809151198694,2203362134984,0,39867066454066,0,928641612156,44729227060000,44729227060000,15722216250958,1577448864767,40271515461442,40115950665,1875465992374,700000000,234996627037,391503551837,HPG,2026-02-10,VCI,0.00,
HPG,2021,1,63943158727826,14018629193714,10806768801746,8684635872093,27750575698018,2682549162255,75039110916884,154672236800,67592452679850,571555355217.00,161389105399,0,2002901631048,138982269644710,72760709285906,51504077676628,21256631609278,66221560358804,66221560358804,,28761453883279,178071645979,138982269644710,1787704891162,0,27849336103608,0,928641612156,33132826590000,33132826590000,18268026878382,1153646412265,37292384217221,41612950665,1630316950335,700000000,220232846324,374905083124,HPG,2026-02-10,VCI,0.00,
HPG,2020,4,56800328871828,13001001772526,8822092675380,6124790460291,26286822229202,2565621734429,74711108023192,96007238800,65561657180137,564296973801.00,171085206311,0,1861689608518,131511436895020,72291648089103,51975217453875,20316430635228,59219788805917,59219788805917,,21783390780083,157801038336,131511436895020,1303037835829,0,26373360826788,0,928641612156,33132826590000,33132826590000,17343247551512,1257272765123,36798465672104,43109950665,1593026349829,700000000,209158308631,305165547431,HPG,2026-02-10,VCI,0.00,
HPG,2020,3,43319362756352,5628548667015,8790110507972,5830460844355,20979333665419,2090909071591,74152899413199,78994260800,52405246185611,570430014417.00,27962310955,0,1922759923764,117472262169551,62484991198555,35959335130297,26525656068258,54987270970996,54987270970996,,17526147884349,189382226589,117472262169551,1199334989146,0,21083272648906,0,923641612156,33132826590000,33132826590000,21254553307935,341282462874,23997067430441,44606950665,1530055228360,700000000,182719877064,261714137864,HPG,2026-02-10,VCI,0.00,
HPG,2020,2,39021211004177,7489589626409,4657803760493,4222428620373,20763287739249,1888101257653,73622989668381,4834800000,46200744450629,570108253093.00,33457319296,0,1949565181760,112644200672558,60063624398542,33561295345821,26502329052721,52580576274016,52580576274016,,20656063110900,175877819430,112644200672558,818600704606,0,20863422367451,0,923641612156,27610741150000,27610741150000,20652229603664,261987969111,22013921358872,46103950665,1567442727861,700000000,36043348906,40878148906,HPG,2026-02-10,VCI,0.00,
HPG,2020,1,34134100270691,6157827189416,1617338585240,5012639384483,19554348585095,1791946526457,72974866845532,4432515000,46005627206922,577022819551.00,35550696612,0,1970947857586,107108967116223,57045558211069,29619287506417,27426270704652,50063408905154,50063408905154,,18133536187349,182623651969,107108967116223,935673903076,0,19644199227624,0,923641612156,27610741150000,27610741150000,20243611152953,409254906412,21100126947016,54422883337,1608467110745,700000000,36056548906,40489063906,HPG,2026-02-10,VCI,0.00,
HPG,2019,4,30471566196894,4564902312859,1374340352910,3574874546688,19411922751097,1545526233340,71319093190005,4910346000,31243762955011,576616510917.00,25794216642,0,2004150482487,101790659386899,54002872297592,26997676529364,27005195768228,47787787089307,47787787089307,,15858369680604,182908695283,101790659386899,757832561191,0,19480666533262,0,923641612156,27610741150000,27610741150000,19842099219720,408691837688,16837653470387,61185171517,1650738623090,700000000,22807248984,27717594984,HPG,2026-02-10,VCI,0.00,
HPG,2019,3,30494639754256,3972943652210,1840768046165,3854081869718,18945703297422,1881142888741,66953716591494,0,15086409094597,175242985695.00,25878820359,0,1653076046574,97448356345750,51398830400376,24505625834712,26893204565664,46049525945374,46049525945374,,14125697615600,182554510725,97448356345750,1267865728973,0,18997874035873,0,918641612156,27610741150000,27610741150000,20738255458345,262015344026,17430383939442,67947459697,1303253656147,700000000,22800638984,22800638984,HPG,2026-02-10,VCI,0.00,
HPG,2019,2,29254317510964,5900076071570,2607379478851,4121219190869,15391106218426,1234536551248,63764944234943,0,13820711278755,173686843034.00,3771893666,0,1723908265085,93019261745907,48763171892900,22370696041923,26392475850977,44256089853007,44256089853007,,12370941898660,143835789906,93019261745907,1515630124222,0,15442137979390,0,918641612156,27610741150000,27610741150000,20255615545791,250161169385,14012517205777,74709747877,1398541959852,700000000,23193350024,23193350024,HPG,2026-02-10,VCI,0.00,
HPG,2019,1,28055962486199,6110879210952,3219966168421,4989303397720,12658139914824,1077673794282,56890767272793,0,14137741367378,176713686761.00,59089706857,0,1734962640971,84946729758992,42735605416956,21872970606920,20862634810036,42211124342036,42211124342036,,16707417251845,134151102309,84946729758992,1621494418109,0,12705505081496,0,918641612156,21239071660000,21239071660000,18678247132851,359215105051,11802863530796,81472036057,1419059142232,700000000,23145210169,23145210169,HPG,2026-02-10,VCI,0.00,
HPG,2018,4,26013633267830,2515617135457,3724562710535,3915158043554,14115158052529,1743137325755,52211329380109,0,12782560625001,179740530488.00,66584926457,0,1755774089572,78224962647939,37616012807129,24299196176342,13316816630787,40608949840810,40608949840810,,15111142063905,128257269222,78224962647939,810319171039,0,14188355173355,0,918641612156,21239071660000,21239071660000,12810996979972,361444408581,11494717393327,88234324237,1461311868435,700000000,22301804672,22301804672,HPG,2026-02-10,VCI,0.00,
HPG,2018,3,31834300607121,3976151668262,5900895937362,5640203890272,14770217336303,1546831774922,38268471313713,0,13086355600772,182134011925.00,22030941489,0,1614903232515,70102771920834,31069071303247,21460455144991,9608616158256,39033700617587,39033700617587,,13533454440631,130549911124,70102771920834,2338017297368,0,14859260924492,0,918641612156,21239071660000,21239071660000,9011900651509,405076519485,13023391906780,0,1332714173291,700000000,22307347172,22307347172,HPG,2026-02-10,VCI,0.00,
HPG,2018,2,33311681394721,5319038225154,7754034432961,6176268736830,12887026543733,1175313456043,28766660537419,0,13072518388579,185153036362.00,21894926457,0,1627559890874,62078341932140,25451498115834,19959127538857,5492370576977,36626843816306,36626843816306,,17199924338502,125904351519,62078341932140,3893429128203,0,13024194419202,0,918641612156,15170790000000,15170790000000,4976499450228,797009065381,11527601640256,101977257121,1344631018832,700000000,70312568404,70312568404,HPG,2026-02-10,VCI,0.00,
HPG,2018,1,32950886918408,6662968459743,7097179666718,7178547741042,11333204635800,678986415105,21486597050953,0,13075194506203,188172060799.00,31015649848,0,1390105168162,54437483969361,20009291058652,17459059766452,2550231292200,34428192910709,34428192910709,,15017374820546,121250780939,54437483969361,4856000991045,0,11473029927631,0,918641612156,15170790000000,15170790000000,2077143669720,705004491879,10291257465605,108631365039,1095751686732,15700000000,22307347172,22307347172,HPG,2026-02-10,VCI,0.00,
HPG,2017,4,33077484195254,4264641954689,9936707080033,6555231799648,11768631544306,552271816578,19944513582995,0,13173015169503,191191085236.00,16951738400,0,1067770383479,53021997778249,20624417566339,18520535634327,2103881932012,32397580211910,32397580211910,,13397029077196,110613825490,53021997778249,4007002903693,0,11912942448894,0,518641612156,15170790000000,15170790000000,1651494675275,824276288448,11328518776500,54405476957,842611587232,15700000000,21810530536,21810530536,HPG,2026-02-10,VCI,0.00,
HPG,2017,3,30643371644872,2591864482986,11916316118066,4603448750970,11120130644773,411611648077,17698775610176,0,12544057381764,193699844281.00,33811776141,0,991963864796,48342147255048,18205062567794,16469143017413,1735919550381,30137084687254,30137084687254,,11139533308646,105684327327,48342147255048,2561160744485,38440000000,11272736502086,0,520253104213,15170790000000,15170790000000,1181165360145,1095781192516,10235941401138,59365636210,770794396452,15700000000,20536305536,20536305536,HPG,2026-02-10,VCI,0.00,
HPG,2017,2,23982297253905,1813484050479,7814578768230,2837413793081,11106756758800,410063883315,15680187074885,2500000000,12527280251353,196718868716.00,33823661785,0,948145523327,39662484328790,16723038709594,15754306629937,968732079657,22939445619196,22939445619196,,9000683439863,103180488052,39662484328790,959223223993,0,11253553910153,0,520253104213,12642554170000,12642554170000,415200000000,1041670122560,9491993541160,64521746128,739120206813,15702128365,20535305536,23035305536,HPG,2026-02-10,VCI,0.00,
HPG,2017,1,21530442705748,2380437136128,5674127511304,2498830711892,10509719326031,467328020393,15415383428223,2500000000,12458218120117,199737893149.00,48752875262,0,933877217571,36945826133971,15542328417312,14470323433267,1072004984045,21403497716659,21403497716659,,11040562105687,104713866691,36945826133971,1047356998800,0,10653996774526,0,1156415747213,8428749560000,8428749560000,612200000000,973688394689,9012842223432,69677856046,728439631004,15702128365,20580399536,23080399536,HPG,2026-02-10,VCI,0.00,
HPG,2016,4,18169854347204,4558660713505,693498769815,2386926010205,10247213245079,283555608600,15056701779891,2500000000,12670104393719,202756917580.00,78864136876,0,849163482349,33226556127095,13372600227415,12431329890031,941270337384,19853955899680,19853955899680,,9489760497926,105973657473,33226556127095,722329120353,0,10391513459256,125329020,1156415747213,8428749560000,8428749560000,522200000000,1036123955455,5938170638894,74833965964,647006412215,15702128365,22801827438,25301827438,HPG,2026-02-10,VCI,0.00,
HPG,2016,3,13826056759889,3282771484627,250497498639,2066481340275,7988920694672,237385741676,14642504279506,2500000000,12032301621293,204871489546.00,104676948589,0,872429083163,28468561039395,10400946595291,9375549655971,1025396939320,18067614444104,18067614444104,,7968988008002,105384347195,28468561039395,822581112162,0,8208921229994,2268512645,891436091839,8428749560000,8428749560000,612200000000,267746613597,4988679516562,79990075881,656187845950,15702128365,14506182031,17006182031,HPG,2026-02-10,VCI,0.00,
HPG,2016,2,13663819692533,3052404764799,519618866361,1479562580203,8332618659016,279614822154,14011555187883,5000000000,11884794959889,193610884551.00,110269010218,0,818442226915,27675374880416,10149618840821,9172721750928,976897089893,17525756039595,17525756039595,,8554019917353,77597403335,27675374880416,582384684717,0,8552332201189,2482093601,891436091839,7329514190000,7329514190000,600000000000,115487829109,5250888350226,85146185799,596144049693,15702128365,12019383954,17019383954,HPG,2026-02-10,VCI,0.00,
HPG,2016,1,11642970625581,2926138476017,831098188625,1705089375974,6033626509231,147018075734,13810667777221,5000000000,11318814491418,201989438046.00,113879529136,0,697909502758,25453638402802,10001984766658,9239506983566,762477783092,15451653636144,15451653636144,,6528037015942,29228901295,25453638402802,458251826219,0,6274915888364,2271130000,891436091839,7329514190000,7329514190000,450000000000,264847386983,5997051668879,90302295716,518867864377,15702128365,11477883954,16477883954,HPG,2026-02-10,VCI,0.00,
HPG,2015,4,11921851107292,2374928605865,758094875121,1608182018775,6937821177071,242824430460,13587493983230,5000000000,8210630017361,192494292820.00,102545479271,0,709047816834,25509345090522,11042258145729,9995032101178,1047226044551,14467086944793,14467086944793,,5549749512225,22876213661,25509345090522,390265827195,0,7208431796057,64254026,891436091839,7329514190000,7329514190000,739000000000,50112574555,6119017325257,91091275173,534253509879,15702128365,11485258954,16485258954,HPG,2026-02-10,VCI,0.00,
HPG,2015,3,12061988374463,2107094759286,966776464367,1968788052819,6810793303342,208535794649,12534926489246,0,8335625371250,190829191745.00,95973963372,0,785649619916,24596914863709,10532570871723,9327423129220,1205147742503,14064343991986,14064343991986,,5362456063217,23779168780,24596914863709,751806391268,0,7037238319799,2348381729,674783632921,7329514190000,7329514190000,889000000000,67456978807,5894704004717,290963900005,422076829137,15702128365,11364921454,11364921454,HPG,2026-02-10,VCI,0.00,
HPG,2015,2,11258195697218,2022505414440,1034746859860,1937013887797,6133970086408,129959448713,11709431500752,0,8393607521880,193000715807.00,92972991543,0,847279226491,22967627197970,9725543208479,8303337387467,1422205821012,13109319294222,13109319294222,,4431053034233,0,22967627197970,795134565077,0,6360369692266,2489062639,674783632921,7329514190000,7329514190000,1177072326185,56107718299,5316167649541,321336627499,460785330253,15702128365,8787096454,8787096454,HPG,2026-02-10,VCI,0.00,
HPG,2015,1,11503116480709,1453491349657,847156476686,1992830664670,7097489096674,112148893022,10401830751567,0,9271704369829,195172239869.00,74767387454,351709354993,501435081516,21904947232276,9424536729101,8199830139948,1224706589153,12359127256713,12359127256713,,4657911056724,0,21904947232276,797434524930,0,7303021591293,3217840922,0,4886431750000,4886431750000,967072326185,50853634492,5528363856065,0,447037248407,15702128365,9507183602,7042317906,HPG,2026-02-10,VCI,0.00,
HPG,2014,4,11745429717382,2001780467705,531141791271,1719564145827,7385982501899,106960810680,10343675904462,0,9158124616833,197343763931.00,61184828523,382082082487,544940612688,22089105621844,10123759154194,9096774122246,1026985031948,11876791198334,11796575339376,,4095359139387,0,22089105621844,457068881547,0,7600703758252,3462313488,0,4819081750000,4819081750000,930863752151,158911796301,5816983436809,0,483218729903,57187691074,0,0,HPG,2026-02-10,VCI,80215858958.00,
HPG,2014,3,10847243527197,1651561080358,1321443401770,488499529809,7204720579389,181018935871,10206621781010,0,8881527209575,192881972117.00,23470004101,468428052812,639564674492,21053865308207,9431875124397,7954228269403,1477646854994,11475158361506,11475158361506,,3989645596960,0,21053865308207,0,0,7239382080744,12418297856,0,4819081750000,4819081750000,1385451947501,34074237954,5295678156614,0,564722275868,18049398194,749867913,749867913,HPG,2026-02-10,VCI,0.00,
HPG,2014,2,10185267661307,1429108292747,365935396771,1128668027025,7061231281217,200324663547,10164480042087,0,9058200385323,205889710475.00,21122734272,496191992663,382325351441,20349747703394,9608604478109,8123652795206,1484951682903,10618288174026,10618288174026,,3132775409480,0,20349747703394,263090476680,0,7096154263680,11937205399,0,4819081750000,4819081750000,1396520571671,53318242096,4749489553472,0,313073135199,15702128365,749867913,749867913,HPG,2026-02-10,VCI,0.00,
HPG,2014,1,11110329506201,2195020257953,404610725404,1514200435375,6771400748851,225097338618,10559423169345,0,9154049472077,60884540548.00,21255298806,500484705584,373204996958,21669752675546,11256741702433,9163716115422,2093025587011,10309475352863,10309475352863,,3452519008317,0,21669752675546,301846119771,0,6806573307953,15869622780,0,4190525330000,4190525330000,1561575768508,81529600081,5685729322599,0,310730650028,15702128365,449544155372,449544155372,HPG,2026-02-10,VCI,0.00,
HPG,2013,4,12287301998192,2267622390696,245493671402,1630722679686,7913085213700,230378042708,10673891739662,0,9187130524311,62002294764.00,21284513924,572856921038,380858246946,22961193737854,13376797694849,11012050712534,2364746982315,9497763277869,9497763277869,,2705545725073,0,22961193737854,352068616679,0,7948364813960,26332427062,0,4190525330000,4190525330000,1849674148472,79676433981,5725709275613,0,326428533088,15702128365,449759238679,449759238679,HPG,2026-02-10,VCI,0.00,
HPG,2013,3,11805583231924,2014263312314,120433565257,1430328606016,7940583999513,299973748824,10722951190434,0,9051050856779,63120048984.00,25385022226,752854557413,381168616305,22528534422358,12875532863468,10345316896096,2530215967372,9105588923836,9105588923836,,2417566171072,0,22528534422358,393926087693,0,7987569900980,32833431311,0,4190525330000,4190525330000,2056408322857,66747954509,5100528941087,0,328089583494,19609128365,449372088727,449372088727,HPG,2026-02-10,VCI,0.00,
HPG,2013,2,10883282075665,1385641109292,167413612457,1525711381918,7495545273158,308970698840,10269221212044,0,8583948703425,64237803200.00,25385022226,784513893857,361797818492,21152503287709,11589078733834,9013227642019,2575851091815,9028295607495,9028295607495,,2341892864804,0,21152503287709,438646071883,0,7547546684618,28310278505,0,4190525330000,4190525330000,2102278038608,51996906849,4214175488425,0,313435172652,19609128365,449337970844,449337970844,HPG,2026-02-10,VCI,0.00,
HPG,2013,1,9713924689615,996320633597,49683612457,1770193914441,6654921112213,242805416907,9479433752673,0,7737257713412,65355557415.00,26218497620,819007801853,382256211529,19193358442288,10160698957084,6247446615287,3913252341797,9032659485204,8516718830334,,1830335887643,0,19193358442288,569932885949,0,6686446587977,26407782152,0,4190525330000,4190525330000,1892563018950,71940658184,4179507340081,0,314872500863,20409128365,449337970844,449337970844,HPG,2026-02-10,VCI,515940654870.00,
